pickup_year,pickup_month,pickup_day,pickup_time,trip_distance,pickup_location,dropoff_location,fare_amount,extra,mta_tax,tolls_amount,improvement_surcharge,tip_amount,total_amount,payment_type,dropped_airport
2016.0,2.0,1.0,0.0,6.53,40.76470184,1.0,40.69292831,1.0,22.5,0.5,4.76,0.5,0.0,-73.98504639,0
2016.0,7.0,17.0,0.0,1.1,141.0,170.0,5.0,0.5,0.5,0.0,0.3,1.25,7.55,1.0,0
2016.0,9.0,4.0,0.0,5.7,88.0,229.0,17.0,0.5,0.5,0.0,0.3,2.75,21.05,1.0,0
2016.0,2.0,1.0,0.0,2.15,40.73241806,1.0,40.74486923,1.0,9.5,0.5,2.16,0.5,0.0,-73.98078156,0
2016.0,11.0,1.0,0.0,0.55,140.0,140.0,4.0,0.5,0.5,0.0,0.3,1.32,6.62,1.0,0
2016.0,2.0,19.0,0.0,5.75,40.71955109,1.0,40.74557877,1.0,20.5,0.5,5.45,0.5,0.0,-73.95308685,0
2016.0,2.0,1.0,0.0,12.48,40.75746918,1.0,40.63249969,2.0,35.0,0.5,0.0,0.5,0.0,-74.02433777,0
2016.0,1.0,1.0,0.0,2.67,40.73115158,1.0,40.74871063,1.0,12.5,0.5,1.1,0.5,0.0,-73.973526,0
2016.0,11.0,1.0,0.0,5.1,249.0,262.0,21.5,0.5,0.5,0.0,0.3,4.56,27.36,1.0,0
2016.0,9.0,4.0,0.0,2.6,107.0,230.0,10.0,0.5,0.5,0.0,0.3,4.0,15.3,1.0,0
2016.0,9.0,4.0,0.0,4.79,79.0,238.0,17.0,0.5,0.5,0.0,0.3,0.0,18.3,2.0,0
2016.0,9.0,4.0,0.0,2.6,79.0,229.0,11.0,0.5,0.5,0.0,0.3,2.45,14.75,1.0,0
2016.0,2.0,19.0,0.0,1.59,40.74803925,1.0,40.75331879,1.0,7.0,0.5,1.0,0.5,0.0,-73.96994019,0
2016.0,2.0,19.0,0.0,2.02,40.747509,1.0,40.73870087,1.0,10.5,0.5,3.54,0.5,0.0,-73.99939728,0
2016.0,1.0,29.0,0.0,1.0,40.71389008,1.0,40.72399521,1.0,9.0,0.5,1.0,0.0,0.0,-73.99676514,0
2016.0,7.0,10.0,0.0,4.7,255.0,170.0,18.0,0.0,0.5,0.0,0.3,3.75,22.55,1.0,0
2016.0,1.0,29.0,0.0,1.43,40.74437332,1.0,40.75947571,1.0,10.5,0.5,2.26,0.0,0.0,-73.98134613,0
2016.0,11.0,15.0,0.0,8.77,236.0,255.0,27.0,0.5,0.5,0.0,0.3,5.66,33.96,1.0,0
2016.0,1.0,1.0,0.0,3.7,40.76317978,1.0,40.74137497,1.0,13.0,0.5,5.7,0.5,0.0,-73.92160797,0
2016.0,11.0,15.0,0.0,0.3,233.0,233.0,3.0,0.5,0.5,0.0,0.3,0.0,4.3,2.0,0
2016.0,2.0,1.0,0.0,2.14,40.73247147,1.0,40.75542068,2.0,9.0,0.5,0.0,0.5,0.0,-73.99166107,0
2016.0,1.0,1.0,0.0,1.03,40.72389221,1.0,40.72151566,2.0,6.5,0.5,0.0,0.5,0.0,-73.98368835,0
2016.0,7.0,17.0,0.0,2.3,68.0,230.0,9.5,0.5,0.5,0.0,0.3,0.0,10.8,2.0,0
2016.0,9.0,4.0,0.0,1.2,114.0,79.0,8.0,0.5,0.5,0.0,0.3,0.0,9.3,1.0,0
2016.0,9.0,4.0,0.0,3.37,79.0,209.0,13.5,0.5,0.5,0.0,0.3,0.0,14.8,1.0,0
2016.0,1.0,29.0,0.0,1.3,40.77143478,1.0,40.75920105,2.0,8.5,0.5,0.0,0.0,0.0,-73.97023773,0
2016.0,7.0,10.0,0.0,1.7,144.0,170.0,8.0,0.0,0.5,0.0,0.3,1.0,9.8,1.0,0
2016.0,9.0,4.0,0.0,2.24,50.0,238.0,9.5,0.5,0.5,0.0,0.3,1.08,11.88,1.0,0
2016.0,11.0,1.0,0.0,18.31,132.0,68.0,52.0,0.0,0.5,5.54,0.3,11.67,70.01,1.0,0
2016.0,11.0,1.0,0.0,2.3,226.0,179.0,10.0,0.5,0.5,0.0,0.3,3.35,14.65,1.0,0
2016.0,2.0,1.0,0.0,5.9,40.70666885,1.0,40.73218155,1.0,20.5,0.5,4.35,0.5,0.0,-73.95653534,0
2016.0,1.0,29.0,0.0,0.8,40.74973679,1.0,40.73994827,2.0,7.5,0.5,0.0,0.0,0.0,-73.98949432,0
2016.0,7.0,10.0,0.0,1.2,90.0,246.0,7.5,0.0,0.5,0.0,0.3,1.65,9.95,1.0,0
2016.0,2.0,19.0,0.0,1.6,40.73539734,1.0,40.71739197,1.0,11.5,0.5,2.55,0.5,0.0,-73.99541473,0
2016.0,7.0,10.0,0.0,0.3,107.0,107.0,3.0,0.0,0.5,0.0,0.3,0.0,3.8,2.0,0
2016.0,2.0,19.0,0.0,2.7,40.76079941,1.0,40.74089813,1.0,12.0,0.5,2.65,0.5,0.0,-74.00778961,0
2016.0,7.0,17.0,0.0,5.83,232.0,181.0,19.5,0.5,0.5,0.0,0.3,5.2,26.0,1.0,0
2016.0,11.0,1.0,0.0,8.1,244.0,68.0,24.5,0.5,0.5,0.0,0.3,2.0,27.8,1.0,0
2016.0,7.0,17.0,0.0,4.94,170.0,255.0,27.5,0.5,0.5,0.0,0.3,4.75,33.55,1.0,0
2016.0,9.0,4.0,0.0,1.5,162.0,141.0,6.5,0.5,0.5,0.0,0.3,0.0,7.8,2.0,0
2016.0,1.0,29.0,0.0,4.7,40.74047852,1.0,40.71102905,1.0,19.0,0.5,3.95,0.0,0.0,-74.00837708,0
2016.0,7.0,10.0,0.0,2.6,164.0,50.0,13.5,0.0,0.5,0.0,0.3,0.0,14.3,2.0,0
2016.0,1.0,1.0,0.0,1.2,40.74461365,1.0,40.7539444,2.0,9.0,0.5,0.0,0.5,0.0,-73.99203491,0
2016.0,7.0,10.0,0.0,4.1,143.0,145.0,16.0,0.0,0.5,0.0,0.3,0.0,16.8,2.0,0
2016.0,9.0,4.0,0.0,2.77,80.0,17.0,12.0,0.5,0.5,0.0,0.3,1.7,15.0,1.0,0
2016.0,9.0,4.0,0.0,3.5,249.0,43.0,15.5,0.5,0.5,0.0,0.3,3.35,20.15,1.0,0
2016.0,11.0,1.0,0.0,3.92,186.0,262.0,14.5,0.5,0.5,0.0,0.3,2.2,18.0,1.0,0
2016.0,7.0,10.0,0.0,1.07,161.0,100.0,6.0,0.0,0.5,0.0,0.3,1.7,8.5,1.0,0
2016.0,1.0,29.0,0.0,2.7,40.79120636,1.0,40.76013565,1.0,15.0,0.5,3.15,0.0,0.0,-73.97584534,0
2016.0,2.0,19.0,0.0,2.2,40.70691299,1.0,40.69511414,1.0,8.5,0.5,1.96,0.5,0.0,-73.99772644,0
2016.0,1.0,29.0,0.0,2.96,40.73419189,1.0,40.72420883,1.0,13.0,0.5,2.0,0.0,0.0,-74.00101471,0
2016.0,9.0,4.0,0.0,0.3,230.0,161.0,4.0,0.5,0.5,0.0,0.3,1.3,6.6,1.0,0
2016.0,9.0,4.0,0.0,2.14,246.0,162.0,9.5,0.5,0.5,0.0,0.3,1.5,12.3,1.0,0
2016.0,7.0,10.0,0.0,2.49,186.0,211.0,10.5,0.0,0.5,0.0,0.3,0.0,11.3,2.0,0
2016.0,9.0,4.0,0.0,17.5,79.0,124.0,49.0,0.5,0.5,0.0,0.3,0.0,50.3,2.0,0
2016.0,9.0,4.0,0.0,2.22,143.0,236.0,9.5,0.5,0.5,0.0,0.3,1.2,12.0,1.0,0
2016.0,11.0,15.0,0.0,4.2,113.0,189.0,15.0,0.5,0.5,0.0,0.3,3.25,19.55,1.0,0
2016.0,1.0,29.0,0.0,4.6,40.75481796,1.0,40.77069855,1.0,26.5,0.5,5.45,0.0,0.0,-73.94874573,0
2016.0,11.0,1.0,0.0,2.32,45.0,4.0,12.5,0.5,0.5,0.0,0.3,2.76,16.56,1.0,0
2016.0,2.0,19.0,0.0,7.41,40.75366974,1.0,40.69007111,1.0,25.0,0.5,5.26,0.5,0.0,-73.99342346,0
2016.0,2.0,1.0,0.0,1.69,40.72917175,1.0,40.72201157,1.0,8.5,0.5,2.94,0.5,0.0,-73.98881531,0
2016.0,11.0,1.0,0.0,5.8,48.0,152.0,19.5,0.5,0.5,0.0,0.3,0.0,20.8,2.0,0
2016.0,1.0,1.0,0.0,2.94,40.78461838,1.0,40.75101852,2.0,12.0,0.5,0.0,0.5,0.0,-73.97103119,0
2016.0,1.0,1.0,0.0,11.87,40.64518356,1.0,40.74300766,1.0,33.0,0.5,8.58,0.5,0.0,-73.89084625,0
2016.0,7.0,17.0,0.0,0.74,68.0,246.0,4.5,0.5,0.5,0.0,0.3,1.0,6.8,1.0,0
2016.0,7.0,10.0,0.0,0.63,237.0,237.0,5.0,0.0,0.5,0.0,0.3,0.0,5.8,2.0,0
2016.0,7.0,17.0,0.0,2.1,144.0,137.0,10.5,0.5,0.5,0.0,0.3,2.35,14.15,1.0,0
2016.0,2.0,1.0,0.0,4.5,40.76493073,1.0,40.76890945,2.0,16.0,0.5,0.0,0.5,0.0,-73.91111755,0
2016.0,11.0,1.0,0.0,2.72,43.0,238.0,12.5,0.5,0.5,0.0,0.3,2.76,16.56,1.0,0
2016.0,2.0,19.0,0.0,1.1,40.73948288,1.0,40.74976349,2.0,8.5,0.5,0.0,0.5,0.0,-73.98776245,0
2016.0,9.0,4.0,0.0,4.71,112.0,102.0,16.0,0.5,0.5,0.0,0.3,0.0,17.3,2.0,0
2016.0,2.0,19.0,0.0,6.52,40.7817688,1.0,40.82411957,2.0,21.0,0.5,0.0,0.5,0.0,-73.85936737,0
2016.0,11.0,15.0,0.0,2.1,158.0,13.0,8.5,0.5,0.5,0.0,0.3,1.96,11.76,1.0,0
2016.0,7.0,10.0,0.0,0.84,163.0,237.0,5.5,0.0,0.5,0.0,0.3,0.0,6.3,2.0,0
2016.0,9.0,4.0,0.0,3.7,246.0,166.0,12.0,0.5,0.5,0.0,0.3,1.5,14.8,1.0,0
2016.0,9.0,4.0,0.0,1.91,224.0,186.0,9.5,0.5,0.5,0.0,0.3,1.0,11.8,1.0,0
2016.0,9.0,4.0,0.0,1.9,246.0,230.0,8.5,0.5,0.5,0.0,0.3,0.0,9.8,2.0,0
2016.0,7.0,10.0,0.0,0.61,113.0,211.0,4.5,0.0,0.5,0.0,0.3,0.0,5.3,2.0,0
2016.0,7.0,10.0,0.0,1.23,236.0,239.0,6.5,0.0,0.5,0.0,0.3,0.0,7.3,1.0,0
2016.0,9.0,4.0,0.0,0.78,263.0,141.0,4.5,0.5,0.5,0.0,0.3,1.16,6.96,1.0,0
2016.0,1.0,29.0,0.0,1.5,40.782444,1.0,40.76136017,1.0,10.5,0.5,2.5,0.0,0.0,-73.98381042,0
2016.0,1.0,1.0,0.0,5.7,40.75056839,1.0,40.71357346,1.0,18.0,0.5,8.0,0.5,10.5,-74.03556824,0
2016.0,9.0,4.0,0.0,1.64,100.0,162.0,8.5,0.5,0.5,0.0,0.3,0.0,9.8,2.0,0
2016.0,9.0,4.0,0.0,3.68,79.0,236.0,13.0,0.5,0.5,0.0,0.3,2.86,17.16,1.0,0
2016.0,9.0,4.0,0.0,3.7,90.0,261.0,13.0,0.5,0.5,0.0,0.3,0.0,14.3,2.0,0
2016.0,9.0,4.0,0.0,1.5,48.0,239.0,7.5,0.5,0.5,0.0,0.3,1.75,10.55,1.0,0
2016.0,9.0,4.0,0.0,2.71,249.0,163.0,11.0,0.5,0.5,0.0,0.3,0.0,12.3,2.0,0
2016.0,9.0,4.0,0.0,2.4,256.0,4.0,10.5,0.5,0.5,0.0,0.3,0.0,11.8,2.0,0
2016.0,11.0,1.0,0.0,0.64,230.0,100.0,4.5,0.5,0.5,0.0,0.3,5.0,10.8,1.0,0
2016.0,11.0,1.0,0.0,1.8,68.0,230.0,10.0,0.5,0.5,0.0,0.3,3.35,14.65,1.0,0
2016.0,11.0,1.0,0.0,0.5,114.0,249.0,9.0,0.5,0.5,0.0,0.0,0.0,10.0,2.0,0
2016.0,1.0,29.0,0.0,0.9,40.73803711,1.0,40.73168182,1.0,6.0,0.5,1.0,0.0,0.0,-73.99027252,0
2016.0,1.0,1.0,0.0,15.25,40.64486313,1.0,40.72632599,1.0,40.5,0.5,0.0,0.5,0.0,-73.93797302,0
2016.0,7.0,10.0,0.0,1.8,263.0,162.0,9.5,0.0,0.5,0.0,0.3,2.05,12.35,1.0,0
2016.0,11.0,1.0,0.0,0.8,249.0,68.0,8.0,0.5,0.5,0.0,0.3,0.0,9.3,2.0,0
2016.0,2.0,1.0,0.0,19.0,40.79450989,1.0,40.88246918,3.0,52.0,0.5,0.0,0.5,0.0,-73.86697388,0
2016.0,11.0,1.0,0.0,3.75,79.0,261.0,13.0,0.5,0.5,0.0,0.3,0.0,14.3,2.0,0
2016.0,2.0,1.0,0.0,2.4,40.76280212,1.0,40.75577164,2.0,9.5,0.5,0.0,0.5,0.0,-73.92826843,0
2016.0,11.0,1.0,0.0,0.7,249.0,158.0,6.0,0.5,0.5,0.0,0.3,1.0,8.3,1.0,0
2016.0,7.0,10.0,0.0,3.5,166.0,163.0,13.5,0.0,0.5,0.0,0.3,3.5,17.8,1.0,0
2016.0,7.0,17.0,0.0,1.5,50.0,186.0,7.5,0.5,0.5,0.0,0.3,0.0,8.8,2.0,0
2016.0,7.0,10.0,0.0,1.6,236.0,140.0,8.5,0.0,0.5,0.0,0.3,0.0,9.3,2.0,0
2016.0,2.0,19.0,0.0,3.65,40.75320816,1.0,40.79135895,1.0,13.5,0.5,1.7,0.5,0.0,-73.97389984,0
2016.0,11.0,1.0,0.0,1.7,125.0,232.0,8.5,0.5,0.5,0.0,0.3,0.0,9.8,1.0,0
2016.0,7.0,10.0,0.0,1.05,170.0,186.0,7.5,0.0,0.5,0.0,0.3,0.0,8.3,2.0,0
2016.0,9.0,4.0,0.0,1.63,163.0,236.0,8.0,0.5,0.5,0.0,0.3,0.7,10.0,1.0,0
2016.0,2.0,19.0,0.0,0.52,40.76337814,1.0,40.75865173,2.0,4.0,0.5,0.0,0.5,0.0,-73.96643829,0
2016.0,9.0,4.0,0.0,2.87,107.0,125.0,12.0,0.5,0.5,0.0,0.3,0.0,13.3,2.0,0
2016.0,11.0,15.0,0.0,1.17,68.0,246.0,5.5,0.5,0.5,0.0,0.3,1.7,8.5,1.0,0
2016.0,1.0,29.0,0.0,1.9,40.78109741,1.0,40.80495834,1.0,9.0,0.5,1.96,0.0,0.0,-73.93888855,0
2016.0,7.0,10.0,0.0,1.3,137.0,100.0,7.0,0.0,0.5,0.0,0.3,1.56,9.36,1.0,0
2016.0,11.0,1.0,0.0,3.8,170.0,7.0,15.0,0.5,0.5,0.0,0.3,3.25,19.55,1.0,0
2016.0,9.0,4.0,0.0,1.07,50.0,161.0,7.0,0.5,0.5,0.0,0.3,2.08,10.38,1.0,0
2016.0,2.0,1.0,0.0,2.28,40.76607132,1.0,40.78832245,2.0,8.5,0.5,0.0,0.5,0.0,-73.94101715,0
2016.0,2.0,1.0,0.0,18.81,40.64500046,2.0,40.72578049,1.0,52.0,0.5,11.67,0.0,5.54,-73.9885788,0
2016.0,7.0,10.0,0.0,1.18,113.0,158.0,7.5,0.0,0.5,0.0,0.3,1.66,9.96,1.0,0
2016.0,2.0,19.0,0.0,1.1,40.73588562,1.0,40.73447418,2.0,8.0,0.5,0.0,0.5,0.0,-74.00222778,0
2016.0,11.0,15.0,0.0,0.79,100.0,68.0,5.0,0.5,0.5,0.0,0.3,0.0,6.3,2.0,0
2016.0,7.0,10.0,0.0,1.1,68.0,114.0,7.0,0.0,0.5,0.0,0.3,0.0,7.8,2.0,0
2016.0,11.0,1.0,0.0,1.5,142.0,161.0,9.0,0.5,0.5,0.0,0.3,0.0,10.3,2.0,0
2016.0,1.0,1.0,0.0,1.38,40.71849823,1.0,40.73423004,1.0,7.0,0.5,1.66,0.5,0.0,-73.98980713,0
2016.0,11.0,1.0,0.0,11.4,79.0,243.0,34.0,0.5,0.5,0.0,0.3,0.0,35.3,2.0,0
2016.0,7.0,17.0,0.0,3.8,90.0,65.0,13.5,0.5,0.5,0.0,0.3,3.7,18.5,1.0,0
2016.0,7.0,10.0,0.0,22.3,132.0,50.0,52.0,0.0,0.5,5.54,0.3,8.0,66.34,1.0,0
2016.0,9.0,4.0,0.0,1.62,263.0,162.0,7.5,0.5,0.5,0.0,0.3,1.76,10.56,1.0,0
2016.0,7.0,17.0,0.0,2.7,141.0,79.0,10.5,0.5,0.5,0.0,0.3,0.0,11.8,2.0,0
2016.0,9.0,4.0,0.0,1.72,246.0,48.0,7.0,0.5,0.5,0.0,0.3,1.66,9.96,1.0,0
2016.0,9.0,4.0,0.0,1.89,125.0,107.0,8.5,0.5,0.5,0.0,0.3,1.96,11.76,1.0,0
2016.0,2.0,1.0,0.0,4.09,40.72513962,1.0,40.6995697,1.0,15.0,0.5,4.08,0.5,0.0,-73.94571686,0
2016.0,11.0,1.0,0.0,1.4,224.0,148.0,9.5,0.5,0.5,0.0,0.3,1.05,11.85,1.0,0
2016.0,9.0,4.0,0.0,5.38,164.0,52.0,18.0,0.5,0.5,0.0,0.3,3.86,23.16,1.0,0
2016.0,9.0,4.0,0.0,8.33,114.0,133.0,24.5,0.5,0.5,0.0,0.3,0.0,25.8,2.0,0
2016.0,1.0,1.0,0.0,2.32,40.77373886,1.0,40.75383759,2.0,19.0,0.5,0.0,0.5,0.0,-73.99596405,0
2016.0,1.0,1.0,0.0,0.6,40.75133133,1.0,40.75033951,1.0,5.0,0.5,0.0,0.5,0.0,-73.99134064,0
2016.0,9.0,4.0,0.0,0.43,151.0,151.0,4.0,0.5,0.5,0.0,0.3,1.0,6.3,1.0,0
2016.0,7.0,10.0,0.0,0.4,48.0,48.0,3.5,0.0,0.5,0.0,0.3,0.86,5.16,1.0,0
2016.0,1.0,1.0,0.0,1.5,40.74156952,1.0,40.72634125,1.0,7.5,0.5,2.2,0.5,0.0,-74.00235748,0
2016.0,7.0,10.0,0.0,1.22,170.0,229.0,6.0,0.0,0.5,0.0,0.3,1.36,8.16,1.0,0
2016.0,9.0,4.0,0.0,0.56,107.0,224.0,4.0,0.5,0.5,0.0,0.3,0.0,5.3,2.0,0
2016.0,1.0,1.0,0.0,9.6,40.74243927,1.0,40.85139084,1.0,32.0,0.5,5.0,0.5,0.0,-73.94156647,0
2016.0,7.0,10.0,0.0,1.2,48.0,68.0,6.0,0.0,0.5,0.0,0.3,1.35,8.15,1.0,0
2016.0,11.0,1.0,0.0,0.8,79.0,234.0,6.5,0.5,0.5,0.0,0.3,0.0,7.8,2.0,0
2016.0,2.0,1.0,0.0,1.19,40.76123047,1.0,40.77259064,1.0,6.0,0.5,1.82,0.5,0.0,-73.95545959,0
2016.0,7.0,10.0,0.0,1.26,142.0,238.0,6.5,0.0,0.5,0.0,0.3,0.0,7.3,2.0,0
2016.0,11.0,1.0,0.0,8.1,48.0,196.0,27.0,0.5,0.5,0.0,0.3,0.0,28.3,2.0,0
2016.0,1.0,29.0,0.0,0.69,40.7522583,1.0,40.74715042,2.0,5.0,0.5,0.0,0.0,0.0,-73.98383331,0
2016.0,1.0,29.0,0.0,7.5,40.7429924,1.0,40.6925621,2.0,41.0,0.5,0.0,0.0,0.0,-73.95480347,0
2016.0,9.0,4.0,0.0,11.26,148.0,244.0,32.0,0.5,0.5,0.0,0.3,6.66,39.96,1.0,0
2016.0,9.0,4.0,0.0,2.49,158.0,230.0,11.5,0.5,0.5,0.0,0.3,0.0,12.8,2.0,0
2016.0,1.0,1.0,0.0,1.24,40.76839066,1.0,40.75553894,2.0,14.5,0.5,0.0,0.5,0.0,-73.97975159,0
2016.0,7.0,17.0,0.0,2.4,186.0,237.0,10.0,0.5,0.5,0.0,0.3,0.0,11.3,2.0,0
2016.0,7.0,10.0,0.0,7.44,226.0,261.0,23.0,0.0,0.5,0.0,0.3,4.76,28.56,1.0,0
2016.0,9.0,4.0,0.0,9.01,140.0,189.0,27.0,0.5,0.5,0.0,0.3,5.66,33.96,1.0,0
2016.0,1.0,1.0,0.0,0.72,40.74721909,1.0,40.75179672,2.0,5.0,0.5,0.0,0.5,0.0,-74.00448608,0
2016.0,7.0,17.0,0.0,1.2,50.0,142.0,6.5,0.5,0.5,0.0,0.3,1.2,9.0,1.0,0
2016.0,2.0,19.0,0.0,6.16,40.75563812,1.0,40.70796967,1.0,20.5,0.5,0.0,0.5,0.0,-74.01667023,0
2016.0,9.0,4.0,0.0,7.1,256.0,196.0,24.5,0.5,0.5,0.0,0.3,2.0,27.8,1.0,0
2016.0,7.0,10.0,0.0,2.3,238.0,41.0,10.0,0.0,0.5,0.0,0.3,0.0,10.8,2.0,0
2016.0,11.0,1.0,0.0,2.34,148.0,164.0,11.0,0.5,0.5,0.0,0.3,0.0,12.3,2.0,0
2016.0,9.0,4.0,0.0,1.71,48.0,237.0,9.0,0.5,0.5,0.0,0.3,2.06,12.36,1.0,0
2016.0,11.0,1.0,0.0,3.45,148.0,170.0,17.5,0.5,0.5,0.0,0.3,3.76,22.56,1.0,0
2016.0,7.0,17.0,0.0,1.97,68.0,170.0,9.0,0.5,0.5,0.0,0.3,1.5,11.8,1.0,0
2016.0,1.0,1.0,0.0,3.1,40.76387787,1.0,40.72816086,1.0,21.0,0.5,4.45,0.5,0.0,-73.99926758,0
2016.0,2.0,1.0,0.0,2.36,40.76305771,1.0,40.73915482,2.0,8.5,0.5,0.0,0.5,0.0,-73.97999573,0
2016.0,1.0,1.0,0.0,4.9,40.67211533,1.0,40.71059418,1.0,19.0,0.5,4.06,0.5,0.0,-73.98657227,0
2016.0,9.0,4.0,0.0,3.2,42.0,235.0,11.5,0.5,0.5,0.0,0.3,0.0,12.8,2.0,0
2016.0,1.0,1.0,0.0,24.0,40.74929047,5.0,40.72052383,1.0,140.0,0.0,30.95,0.0,14.5,-74.32032776,0
2016.0,7.0,17.0,0.0,1.8,231.0,232.0,9.5,0.5,0.5,0.0,0.3,0.0,10.8,2.0,0
2016.0,2.0,1.0,0.0,1.1,40.71400833,1.0,40.70975876,2.0,6.0,0.5,0.0,0.5,0.0,-74.00614929,0
2016.0,11.0,15.0,0.0,0.89,170.0,107.0,5.0,0.5,0.5,0.0,0.3,1.26,7.56,1.0,0
2016.0,7.0,10.0,0.0,1.91,114.0,137.0,9.0,0.0,0.5,0.0,0.3,1.0,10.8,1.0,0
2016.0,2.0,1.0,0.0,0.73,40.7518425,1.0,40.74637604,1.0,5.0,0.5,1.26,0.5,0.0,-74.00115967,0
2016.0,1.0,1.0,0.0,5.4,40.78913879,1.0,40.85154724,2.0,24.5,0.5,0.0,0.5,0.0,-73.91590118,0
2016.0,1.0,1.0,0.0,1.6,40.71595764,1.0,40.73404312,2.0,8.0,0.5,0.0,0.5,0.0,-73.98986053,0
2016.0,9.0,4.0,0.0,4.0,97.0,61.0,15.0,0.5,0.5,0.0,0.3,0.0,16.3,2.0,0
2016.0,2.0,1.0,0.0,1.5,40.74010849,1.0,40.7595787,1.0,6.0,0.5,1.0,0.5,0.0,-73.96211243,0
2016.0,2.0,1.0,0.0,2.2,40.75617599,1.0,40.78193283,1.0,9.0,0.5,1.95,0.0,0.0,-73.94560242,0
2016.0,9.0,4.0,0.0,1.8,162.0,224.0,8.0,0.5,0.5,0.0,0.3,0.0,9.3,2.0,0
2016.0,9.0,4.0,0.0,1.9,264.0,264.0,8.5,0.5,0.5,0.0,0.3,1.95,11.75,1.0,0
2016.0,7.0,10.0,0.0,1.75,90.0,230.0,8.0,0.0,0.5,0.0,0.3,0.0,8.8,2.0,0
2016.0,7.0,17.0,0.0,2.2,170.0,140.0,8.5,0.5,0.5,0.0,0.3,1.95,11.75,1.0,0
2016.0,7.0,10.0,0.0,1.5,143.0,237.0,8.0,0.0,0.5,0.0,0.3,1.75,10.55,1.0,0
2016.0,1.0,29.0,0.0,2.5,40.78459167,1.0,40.80160522,2.0,10.5,0.5,0.0,0.0,0.0,-73.94350433,0
2016.0,11.0,1.0,0.0,5.76,90.0,166.0,21.0,0.5,0.5,0.0,0.3,2.8,25.1,1.0,0
2016.0,2.0,25.0,0.0,5.52,40.75099182,1.0,40.75883865,2.0,20.0,0.5,0.0,0.5,0.0,-73.98858643,0
2016.0,9.0,4.0,0.0,0.7,162.0,230.0,5.0,0.5,0.5,0.0,0.3,0.0,6.3,2.0,0
2016.0,2.0,19.0,0.0,1.35,40.76174164,1.0,40.75852966,1.0,8.5,0.5,1.96,0.5,0.0,-73.99240875,0
2016.0,9.0,4.0,0.0,2.3,158.0,137.0,11.5,0.5,0.5,0.0,0.3,0.0,12.8,2.0,0
2016.0,11.0,1.0,0.0,1.7,48.0,238.0,7.5,0.5,0.5,0.0,0.3,1.75,10.55,1.0,0
2016.0,1.0,1.0,0.0,0.0,0.0,3.0,0.0,2.0,20.0,0.0,0.0,0.5,0.0,0.0,0
2016.0,2.0,1.0,0.0,8.2,40.77425385,1.0,40.75233459,1.0,23.5,0.5,7.55,0.5,5.54,-73.98709106,0
2016.0,9.0,4.0,0.0,0.53,50.0,50.0,4.0,0.5,0.5,0.0,0.3,1.59,6.89,1.0,0
2016.0,1.0,1.0,0.0,1.2,40.74456024,1.0,40.75366211,1.0,6.5,0.5,2.3,0.5,0.0,-73.9664917,0
2016.0,9.0,4.0,0.0,2.5,163.0,107.0,10.0,0.5,0.5,0.0,0.3,0.0,11.3,2.0,0
2016.0,9.0,4.0,0.0,0.02,114.0,114.0,2.5,0.5,0.5,0.0,0.3,0.0,3.8,2.0,0
2016.0,9.0,4.0,0.0,1.76,234.0,230.0,8.0,0.5,0.5,0.0,0.3,0.0,9.3,2.0,0
2016.0,2.0,1.0,0.0,1.02,40.75382614,1.0,40.75009537,2.0,5.5,0.5,0.0,0.5,0.0,-73.99121094,0
2016.0,2.0,1.0,0.0,8.23,40.7740593,1.0,40.75175858,2.0,24.0,0.5,0.0,0.5,5.54,-73.97733307,0
2016.0,9.0,4.0,0.0,4.3,48.0,74.0,14.0,0.5,0.5,0.0,0.3,4.55,19.85,1.0,0
2016.0,1.0,1.0,0.0,1.76,40.78133011,1.0,40.7585144,2.0,8.0,0.5,0.0,0.0,0.0,-73.9772644,0
2016.0,1.0,1.0,0.0,3.6,40.72050095,1.0,40.72179031,1.0,13.5,0.5,2.96,0.5,0.0,-73.95818329,0
2016.0,9.0,4.0,0.0,1.1,158.0,246.0,6.0,0.5,0.5,0.0,0.3,1.45,8.75,1.0,0
2016.0,11.0,1.0,0.0,16.75,132.0,170.0,52.0,4.5,0.5,5.54,0.3,12.57,75.41,1.0,0
2016.0,9.0,4.0,0.0,0.9,100.0,233.0,6.5,0.5,0.5,0.0,0.3,1.0,8.8,1.0,0
2016.0,2.0,19.0,0.0,3.34,40.73033905,1.0,40.76101685,1.0,13.5,0.5,2.0,0.5,0.0,-73.99092865,0
2016.0,9.0,4.0,0.0,5.29,148.0,50.0,21.0,0.5,0.5,0.0,0.3,5.58,27.88,1.0,0
2016.0,11.0,1.0,0.0,1.9,79.0,144.0,12.5,0.5,0.5,0.0,0.3,2.75,16.55,1.0,0
2016.0,1.0,1.0,0.0,1.56,40.75115204,1.0,40.7670517,2.0,7.5,0.5,0.0,0.5,0.0,-73.93002319,0
2016.0,9.0,4.0,0.0,1.53,82.0,160.0,6.5,0.5,0.5,0.0,0.3,0.0,7.8,2.0,0
2016.0,11.0,1.0,0.0,2.5,164.0,231.0,11.0,0.5,0.5,0.0,0.3,2.45,14.75,1.0,0
2016.0,1.0,29.0,0.0,1.2,40.74574661,1.0,40.76155853,1.0,9.5,0.5,2.05,0.0,0.0,-73.97261047,0
2016.0,1.0,1.0,0.0,0.9,40.76404953,1.0,40.76241302,2.0,6.5,0.5,0.0,0.5,0.0,-73.96797943,0
2016.0,2.0,1.0,0.0,3.91,40.7849617,1.0,40.75405884,1.0,13.0,0.5,2.86,0.5,0.0,-73.99263763,0
2016.0,11.0,1.0,0.0,0.7,107.0,164.0,5.0,0.5,0.5,0.0,0.3,1.0,7.3,1.0,0
2016.0,1.0,29.0,0.0,1.77,40.75093842,1.0,40.75608063,1.0,15.0,0.5,3.16,0.0,0.0,-73.97059631,0
2016.0,1.0,1.0,0.0,0.9,40.75831604,1.0,40.76686096,2.0,8.5,0.5,0.0,0.5,0.0,-73.98344421,0
2016.0,7.0,10.0,0.0,2.6,261.0,79.0,12.0,0.0,0.5,0.0,0.3,0.0,12.8,2.0,0
2016.0,9.0,4.0,0.0,1.56,80.0,36.0,8.0,0.5,0.5,0.0,0.3,0.0,9.3,2.0,0
2016.0,2.0,1.0,0.0,0.69,40.71099854,1.0,40.71886063,2.0,4.5,0.5,0.0,0.5,0.0,-73.95665741,0
2016.0,1.0,1.0,0.0,0.9,40.73963928,1.0,40.74522018,2.0,6.0,0.5,0.0,0.5,0.0,-74.00219727,0
2016.0,7.0,10.0,0.0,0.0,193.0,7.0,2.5,0.0,0.5,0.0,0.3,0.0,3.3,1.0,0
2016.0,1.0,1.0,0.0,1.49,40.71966934,1.0,40.73180008,1.0,10.0,0.5,2.26,0.5,0.0,-73.98390961,0
2016.0,11.0,1.0,0.0,3.41,114.0,230.0,16.5,0.5,0.5,0.0,0.3,3.56,21.36,1.0,0
2016.0,1.0,1.0,0.0,0.7,40.63657379,1.0,40.63483429,2.0,11.0,0.5,0.0,0.5,0.0,-73.89250183,0
2016.0,2.0,1.0,0.0,18.66,40.64659119,2.0,40.72986984,1.0,52.0,0.5,10.56,0.0,0.0,-74.00406647,0
2016.0,7.0,10.0,0.0,2.0,114.0,90.0,8.0,0.0,0.5,0.0,0.3,2.0,10.8,1.0,0
2016.0,7.0,10.0,0.0,2.5,164.0,45.0,11.5,0.0,0.5,0.0,0.3,0.0,12.3,2.0,0
2016.0,11.0,15.0,0.0,0.79,161.0,237.0,-6.0,-0.5,-0.5,0.0,-0.3,0.0,-7.3,4.0,0
2016.0,7.0,17.0,0.0,1.5,90.0,164.0,8.0,0.5,0.5,0.0,0.3,0.14,9.44,1.0,0
2016.0,1.0,1.0,0.0,1.7,40.77469635,1.0,40.79670715,1.0,7.0,0.5,1.65,0.5,0.0,-73.97093964,0
2016.0,7.0,10.0,0.0,2.08,137.0,140.0,8.0,0.0,0.5,0.0,0.3,2.2,11.0,1.0,0
2016.0,11.0,1.0,0.0,1.14,239.0,151.0,5.0,0.5,0.5,0.0,0.3,0.0,6.3,2.0,0
2016.0,11.0,1.0,0.0,0.97,234.0,90.0,7.0,0.5,0.5,0.0,0.3,0.0,8.3,2.0,0
2016.0,9.0,4.0,0.0,2.4,79.0,246.0,11.5,0.5,0.5,0.0,0.3,2.55,15.35,1.0,0
2016.0,2.0,1.0,0.0,1.56,40.7646904,1.0,40.76499176,1.0,6.5,0.5,1.5,0.5,0.0,-73.98249054,0
2016.0,7.0,10.0,0.0,2.3,158.0,230.0,10.0,0.0,0.5,0.0,0.3,2.15,12.95,1.0,0
2016.0,7.0,10.0,0.0,1.21,233.0,140.0,6.5,0.0,0.5,0.0,0.3,0.0,7.3,1.0,0
2016.0,7.0,10.0,0.0,12.4,132.0,171.0,36.5,0.0,0.5,0.0,0.3,0.0,37.3,2.0,0
2016.0,11.0,1.0,0.0,1.02,263.0,75.0,5.5,0.5,0.5,0.0,0.3,1.36,8.16,1.0,0
2016.0,9.0,4.0,0.0,5.83,79.0,239.0,20.5,0.5,0.5,0.0,0.3,0.0,21.8,2.0,0
2016.0,1.0,1.0,0.0,1.8,40.75979996,1.0,40.74298859,1.0,9.5,0.5,2.0,0.5,0.0,-73.98935699,0
2016.0,2.0,1.0,0.0,0.66,40.73326111,1.0,40.73119354,2.0,4.5,0.5,0.0,0.5,0.0,-74.00133514,0
2016.0,1.0,1.0,0.0,1.3,40.75932312,1.0,40.75030136,2.0,7.5,0.5,0.0,0.5,0.0,-73.99487305,0
2016.0,2.0,1.0,0.0,8.11,40.73500061,1.0,40.81040955,1.0,25.0,0.5,5.26,0.5,0.0,-73.94193268,0
2016.0,9.0,4.0,0.0,3.02,107.0,50.0,11.5,0.5,0.5,0.0,0.3,0.0,12.8,2.0,0
2016.0,1.0,1.0,0.0,7.85,40.74325562,1.0,40.76462936,1.0,22.5,0.5,5.87,0.5,5.54,-73.91187286,0
2016.0,11.0,15.0,0.0,0.57,161.0,48.0,4.0,0.5,0.5,0.0,0.3,1.59,6.89,1.0,0
2016.0,2.0,1.0,0.0,8.1,40.75923157,1.0,40.85145187,1.0,28.5,0.5,5.0,0.5,0.0,-73.94001007,0
2016.0,7.0,10.0,0.0,0.9,114.0,249.0,6.0,0.0,0.5,0.0,0.3,0.0,6.8,2.0,0
2016.0,9.0,4.0,0.0,7.24,249.0,41.0,25.0,0.5,0.5,0.0,0.3,5.26,31.56,1.0,0
2016.0,2.0,1.0,0.0,2.18,40.75267029,1.0,40.75349426,2.0,15.5,0.5,0.0,0.5,0.0,-73.99421692,0
2016.0,9.0,4.0,0.0,1.68,226.0,83.0,8.0,0.5,0.5,0.0,0.3,0.0,9.3,2.0,0
2016.0,2.0,1.0,0.0,1.8,40.74407959,1.0,40.76584244,2.0,7.0,0.5,0.0,0.5,0.0,-73.99464417,0
2016.0,11.0,1.0,0.0,1.82,234.0,148.0,11.0,0.5,0.5,0.0,0.3,0.0,12.3,2.0,0
2016.0,1.0,29.0,0.0,0.51,40.74981308,1.0,40.7560997,1.0,7.5,0.5,0.0,0.0,0.0,-73.97008514,0
2016.0,7.0,17.0,0.0,2.85,231.0,100.0,9.5,0.5,0.5,0.0,0.3,2.0,12.8,1.0,0
2016.0,7.0,17.0,0.0,1.2,238.0,41.0,6.5,0.5,0.5,0.0,0.3,0.0,7.8,1.0,0
2016.0,2.0,1.0,0.0,10.7,40.77396011,1.0,40.71646118,1.0,30.5,0.5,6.36,0.5,0.0,-74.01435852,0
2016.0,7.0,17.0,0.0,1.13,114.0,107.0,6.0,0.5,0.5,0.0,0.3,0.73,8.03,1.0,0
2016.0,2.0,1.0,0.0,2.01,40.7062912,1.0,40.73075867,1.0,9.0,0.5,2.06,0.5,0.0,-73.98882294,0
2016.0,2.0,1.0,0.0,3.6,40.71747208,1.0,40.75882721,1.0,13.0,0.5,1.0,0.5,0.0,-73.98854828,0
2016.0,2.0,1.0,0.0,4.63,40.73231125,1.0,40.7714119,1.0,16.0,0.5,0.0,0.5,0.0,-73.95070648,0
2016.0,7.0,10.0,0.0,0.9,48.0,161.0,6.5,0.0,0.5,0.0,0.3,0.0,7.3,2.0,0
2016.0,1.0,29.0,0.0,2.01,40.79672623,1.0,40.77848053,1.0,10.5,0.5,1.11,0.0,0.0,-73.95339966,0
2016.0,9.0,4.0,0.0,0.9,148.0,144.0,6.5,0.5,0.5,0.0,0.3,1.55,9.35,1.0,0
2016.0,11.0,1.0,0.0,11.26,261.0,244.0,34.0,0.5,0.5,0.0,0.3,0.0,35.3,2.0,0
2016.0,7.0,17.0,0.0,3.3,43.0,41.0,11.0,0.5,0.5,0.0,0.3,2.46,14.76,1.0,0
2016.0,1.0,1.0,0.0,4.59,40.7845192,1.0,40.73197174,2.0,19.0,0.5,0.0,0.5,0.0,-73.9881897,0
2016.0,11.0,15.0,0.0,3.81,161.0,145.0,14.0,0.5,0.5,0.0,0.3,3.06,18.36,1.0,0
2016.0,11.0,15.0,0.0,2.5,100.0,107.0,10.0,0.5,0.5,0.0,0.3,2.25,13.55,1.0,0
2016.0,9.0,4.0,0.0,1.0,158.0,234.0,6.5,0.5,0.5,0.0,0.3,0.0,7.8,2.0,0
2016.0,2.0,1.0,0.0,8.61,40.77398682,1.0,40.77669144,2.0,26.5,0.5,0.0,0.5,5.54,-73.95557404,0
2016.0,7.0,10.0,0.0,2.79,141.0,100.0,12.0,0.0,0.5,0.0,0.3,0.0,12.8,2.0,0
2016.0,7.0,10.0,0.0,1.23,226.0,7.0,6.5,0.0,0.5,0.0,0.3,2.19,9.49,1.0,0
2016.0,9.0,4.0,0.0,6.9,48.0,87.0,23.0,0.5,0.5,0.0,0.3,4.86,29.16,1.0,0
2016.0,2.0,1.0,0.0,10.43,40.77000809,1.0,40.70248795,1.0,30.0,0.5,5.0,0.5,0.0,-73.98284149,0
2016.0,1.0,29.0,0.0,0.34,40.77048874,1.0,40.76816177,2.0,3.5,0.5,0.0,0.0,0.0,-73.96286011,0
2016.0,7.0,10.0,0.0,2.21,161.0,43.0,9.0,0.0,0.5,0.0,0.3,1.96,11.76,1.0,0
2016.0,7.0,17.0,0.0,2.3,170.0,158.0,11.0,0.5,0.5,0.0,0.3,0.0,12.3,2.0,0
2016.0,9.0,4.0,0.0,0.5,68.0,48.0,4.5,0.5,0.5,0.0,0.3,1.15,6.95,1.0,0
2016.0,11.0,1.0,0.0,0.68,140.0,237.0,6.5,1.0,0.5,0.0,0.3,1.24,9.54,1.0,0
2016.0,9.0,4.0,0.0,0.85,211.0,114.0,5.0,0.5,0.5,0.0,0.3,0.0,6.3,2.0,0
2016.0,7.0,10.0,0.0,1.3,79.0,234.0,8.0,0.0,0.5,0.0,0.3,1.75,10.55,1.0,0
2016.0,11.0,1.0,0.0,1.58,79.0,170.0,7.5,0.5,0.5,0.0,0.3,0.0,8.8,2.0,0
2016.0,7.0,10.0,0.0,1.9,151.0,142.0,7.5,0.0,0.5,0.0,0.3,0.0,8.3,1.0,0
2016.0,1.0,29.0,0.0,0.6,40.75483322,1.0,40.75853348,1.0,5.5,0.5,1.25,0.0,0.0,-73.9769516,0
2016.0,11.0,1.0,0.0,1.65,79.0,45.0,9.5,0.5,0.5,0.0,0.3,1.0,11.8,1.0,0
2016.0,7.0,10.0,0.0,0.87,261.0,87.0,6.0,0.0,0.5,0.0,0.3,1.0,7.8,1.0,0
2016.0,9.0,4.0,0.0,6.2,48.0,129.0,21.0,0.5,0.5,0.0,0.3,2.5,24.8,1.0,0
2016.0,2.0,1.0,0.0,18.53,40.64148331,2.0,40.73815918,2.0,52.0,0.5,0.0,0.0,5.54,-73.99610901,0
2016.0,1.0,1.0,0.0,0.44,40.7720108,1.0,40.76977158,1.0,4.0,0.5,1.06,0.5,0.0,-73.99504089,0
2016.0,1.0,1.0,0.0,4.75,40.71899033,1.0,40.65733337,2.0,16.5,0.5,0.0,0.0,0.0,-73.96224213,0
2016.0,1.0,1.0,0.0,0.01,40.72153854,1.0,40.72169876,2.0,2.5,0.5,0.0,0.5,0.0,-73.98896027,0
2016.0,1.0,1.0,0.0,4.9,40.74716568,1.0,40.71749115,1.0,19.0,0.5,1.7,0.5,0.0,-73.95803833,0
2016.0,2.0,1.0,0.0,2.35,40.76156998,1.0,40.77524948,1.0,8.5,0.5,1.96,0.5,0.0,-73.95968628,0
2016.0,11.0,1.0,0.0,0.4,162.0,164.0,5.5,1.0,0.5,0.0,0.3,0.0,7.3,1.0,0
2016.0,1.0,29.0,0.0,7.33,40.68285751,1.0,40.74979782,1.0,23.5,0.5,6.08,0.0,0.0,-73.97223663,0
2016.0,1.0,29.0,0.0,1.4,40.78488159,1.0,40.76570892,1.0,11.5,0.5,2.0,0.0,0.0,-73.98188782,0
2016.0,11.0,1.0,0.0,2.5,236.0,170.0,9.5,0.5,0.5,0.0,0.3,0.0,10.8,2.0,0
2016.0,7.0,17.0,0.0,10.7,79.0,67.0,34.0,0.5,0.5,0.0,0.3,0.0,35.3,2.0,0
2016.0,7.0,10.0,0.0,2.47,113.0,161.0,10.5,0.0,0.5,0.0,0.3,2.26,13.56,1.0,0
2016.0,11.0,15.0,0.0,4.7,261.0,189.0,17.5,0.5,0.5,0.0,0.3,2.2,21.0,1.0,0
2016.0,7.0,10.0,0.0,1.71,113.0,161.0,7.0,0.0,0.5,0.0,0.3,1.2,9.0,1.0,0
2016.0,2.0,1.0,0.0,6.85,40.7312851,5.0,40.77497864,1.0,40.0,0.5,0.0,0.0,12.5,-74.02028656,0
2016.0,7.0,10.0,0.0,1.06,246.0,68.0,6.0,0.0,0.5,0.0,0.3,0.0,6.8,2.0,0
2016.0,7.0,17.0,0.0,2.1,246.0,230.0,8.5,0.5,0.5,0.0,0.3,1.95,11.75,1.0,0
2016.0,1.0,1.0,0.0,1.3,40.6885643,1.0,40.67192841,1.0,7.5,0.5,1.75,0.5,0.0,-73.96269226,0
2016.0,2.0,1.0,0.0,2.42,40.73808289,1.0,40.70926285,2.0,9.5,0.5,0.0,0.5,0.0,-74.00218964,0
2016.0,1.0,1.0,0.0,1.33,40.75837708,1.0,40.74510574,2.0,7.0,0.5,0.0,0.5,0.0,-73.9764328,0
2016.0,7.0,10.0,0.0,2.3,142.0,236.0,9.5,0.0,0.5,0.0,0.3,2.05,12.35,1.0,0
2016.0,2.0,1.0,0.0,3.56,40.76112366,1.0,40.75491333,2.0,13.0,0.5,0.0,0.5,0.0,-73.91458893,0
2016.0,2.0,19.0,0.0,18.86,40.64863586,2.0,40.72195816,2.0,52.0,0.5,0.0,0.0,5.54,-73.98731232,0
2016.0,1.0,1.0,0.0,1.53,0.0,1.0,0.0,2.0,15.0,0.5,0.0,0.5,0.0,0.0,0
2016.0,11.0,1.0,0.0,7.8,62.0,216.0,24.5,0.5,0.5,0.0,0.3,0.0,25.8,2.0,0
2016.0,1.0,1.0,0.0,10.1,40.76217651,1.0,40.66745377,2.0,33.0,0.5,0.0,0.5,0.0,-73.96108246,0
2016.0,7.0,10.0,0.0,1.62,186.0,246.0,9.0,0.0,0.5,0.0,0.3,0.0,9.8,2.0,0
2016.0,7.0,10.0,0.0,1.93,224.0,186.0,9.5,0.0,0.5,0.0,0.3,0.0,10.3,2.0,0
2016.0,9.0,4.0,0.0,3.83,158.0,65.0,15.5,0.5,0.5,0.0,0.3,0.0,16.8,1.0,0
2016.0,7.0,10.0,0.0,1.1,79.0,232.0,6.5,0.0,0.5,0.0,0.3,0.0,7.3,2.0,0
2016.0,1.0,29.0,0.0,4.48,40.79478073,1.0,40.84856033,1.0,13.5,0.5,2.0,0.0,0.0,-73.9387207,0
2016.0,2.0,1.0,0.0,10.67,40.77397156,1.0,40.75875092,2.0,29.5,0.5,0.0,0.5,5.54,-73.97511292,0
2016.0,1.0,29.0,0.0,2.06,40.79513168,1.0,40.80463028,2.0,9.5,0.5,0.0,0.0,0.0,-73.93946075,0
2016.0,1.0,29.0,0.0,3.49,40.70991135,1.0,40.73992157,1.0,17.0,0.5,1.0,0.0,0.0,-73.99156189,0
2016.0,9.0,4.0,0.0,3.92,234.0,163.0,24.0,0.5,0.5,0.0,0.3,5.06,30.36,1.0,0
2016.0,11.0,15.0,0.0,4.4,186.0,33.0,14.5,0.5,0.5,0.0,0.3,3.15,18.95,1.0,0
2016.0,2.0,1.0,0.0,13.51,40.77420044,1.0,40.66342926,2.0,37.5,0.5,0.0,0.5,0.0,-73.98451996,0
2016.0,2.0,1.0,0.0,2.52,40.72127151,1.0,40.75105667,1.0,10.0,0.5,2.26,0.5,0.0,-73.98452759,0
2016.0,1.0,1.0,0.0,0.13,40.75455856,1.0,40.75611877,2.0,3.0,0.5,0.0,0.5,0.0,-73.99060059,0
2016.0,9.0,4.0,0.0,0.93,162.0,164.0,5.5,0.5,0.5,0.0,0.3,0.0,6.8,2.0,0
2016.0,7.0,10.0,0.0,11.2,138.0,230.0,35.0,0.0,0.5,5.54,0.3,6.0,47.34,1.0,0
2016.0,11.0,1.0,0.0,2.2,100.0,79.0,10.0,0.5,0.5,0.0,0.3,1.0,12.3,1.0,0
2016.0,7.0,10.0,0.0,1.15,162.0,186.0,7.0,0.0,0.5,0.0,0.3,0.0,7.8,2.0,0
2016.0,1.0,1.0,0.0,0.76,40.82948303,1.0,40.83986664,2.0,4.5,0.5,0.0,0.5,0.0,-73.93864441,0
2016.0,1.0,1.0,0.0,8.78,40.72460175,1.0,40.75529099,2.0,27.0,0.5,0.0,0.5,0.0,-73.86997986,0
2016.0,2.0,19.0,0.0,1.15,40.74281311,1.0,40.74114609,1.0,6.0,0.5,1.82,0.5,0.0,-74.00535583,0
2016.0,7.0,10.0,0.0,0.82,249.0,113.0,6.0,0.0,0.5,0.0,0.3,1.36,8.16,1.0,0
2016.0,11.0,1.0,0.0,4.1,68.0,87.0,16.0,0.5,0.5,0.0,0.3,2.1,19.4,1.0,0
2016.0,1.0,1.0,0.0,2.7,40.76023483,1.0,40.7358551,1.0,13.0,0.5,4.25,0.5,0.0,-74.00152588,0
2016.0,9.0,4.0,0.0,2.2,168.0,147.0,11.0,0.5,0.5,0.0,0.3,0.0,12.3,2.0,0
2016.0,7.0,10.0,0.0,1.65,137.0,249.0,8.5,0.0,0.5,0.0,0.3,1.86,11.16,1.0,0
2016.0,1.0,1.0,0.0,0.71,40.7342186,1.0,40.72902679,2.0,5.0,0.5,0.0,0.5,0.0,-73.9992218,0
2016.0,7.0,10.0,0.0,0.62,263.0,236.0,4.0,0.0,0.5,0.0,0.3,0.96,5.76,1.0,0
2016.0,1.0,29.0,0.0,0.78,40.75381088,1.0,40.7470932,2.0,4.5,0.5,0.0,0.0,0.0,-73.98554993,0
2016.0,2.0,1.0,0.0,2.8,40.73480988,1.0,40.76448059,1.0,10.5,0.5,2.36,0.5,0.0,-73.99178314,0
2016.0,9.0,4.0,0.0,1.73,158.0,107.0,8.5,0.5,0.5,0.0,0.3,0.0,9.8,1.0,0
2016.0,2.0,1.0,0.0,8.7,40.64458847,4.0,40.61621094,2.0,29.5,0.5,0.0,0.5,0.0,-73.72240448,0
2016.0,7.0,17.0,0.0,2.86,231.0,256.0,11.0,0.5,0.5,0.0,0.3,0.0,12.3,2.0,0
2016.0,9.0,4.0,0.0,0.7,237.0,141.0,5.0,0.5,0.5,0.0,0.3,1.26,7.56,1.0,0
2016.0,2.0,1.0,0.0,1.65,40.73516846,1.0,40.71683884,1.0,8.0,0.5,2.79,0.5,0.0,-74.00383759,0
2016.0,11.0,1.0,0.0,20.3,170.0,206.0,58.0,0.5,0.5,11.08,0.3,14.05,84.43,1.0,0
2016.0,9.0,4.0,0.0,5.91,238.0,79.0,19.5,0.5,0.5,0.0,0.3,3.0,23.8,1.0,0
2016.0,1.0,29.0,0.0,1.4,40.74432373,1.0,40.76055527,1.0,9.0,0.5,1.0,0.0,0.0,-73.97976685,0
2016.0,2.0,1.0,0.0,11.4,40.77005768,1.0,40.7340889,1.0,33.5,0.5,6.95,0.5,0.0,-74.00439453,0
2016.0,1.0,29.0,0.0,1.1,40.76068878,1.0,40.76766586,2.0,8.0,0.5,0.0,0.0,0.0,-73.98075104,0
2016.0,9.0,4.0,0.0,0.7,107.0,224.0,5.0,0.5,0.5,0.0,0.3,0.0,6.3,2.0,0
2016.0,1.0,1.0,0.0,0.97,40.7439003,1.0,40.74531937,2.0,6.0,0.5,0.0,0.5,0.0,-73.98887634,0
2016.0,2.0,1.0,0.0,4.56,40.74312592,1.0,40.71370316,1.0,17.0,0.5,3.66,0.5,0.0,-73.9516449,0
2016.0,7.0,10.0,0.0,2.28,142.0,170.0,9.5,0.0,0.5,0.0,0.3,0.0,10.3,2.0,0
2016.0,1.0,29.0,0.0,0.32,40.77873993,1.0,40.77465057,1.0,4.0,0.5,0.96,0.0,0.0,-73.96115875,0
2016.0,1.0,1.0,0.0,0.1,40.77317429,1.0,40.77203751,3.0,3.0,0.5,0.0,0.5,0.0,-73.95623016,0
2016.0,2.0,19.0,0.0,3.8,40.72836304,1.0,40.69197845,1.0,15.0,0.5,3.25,0.5,0.0,-73.97166443,0
2016.0,7.0,17.0,0.0,10.0,181.0,56.0,29.5,0.5,0.5,0.0,0.3,0.0,30.8,2.0,0
2016.0,11.0,1.0,0.0,0.5,158.0,249.0,4.5,0.5,0.5,0.0,0.3,1.7,7.5,1.0,0
2016.0,1.0,1.0,0.0,0.35,40.74343872,1.0,40.74606323,1.0,4.0,0.5,1.59,0.5,0.0,-73.99642181,0
2016.0,11.0,1.0,0.0,2.65,79.0,68.0,12.0,0.5,0.5,0.0,0.3,0.0,13.3,2.0,0
2016.0,1.0,1.0,0.0,0.72,40.7207489,1.0,40.72790527,1.0,5.5,0.5,1.36,0.5,0.0,-73.99918365,0
2016.0,7.0,10.0,0.0,0.7,231.0,231.0,5.5,0.0,0.5,0.0,0.3,0.0,6.3,2.0,0
2016.0,2.0,1.0,0.0,2.0,40.74079514,1.0,40.7450676,1.0,10.0,0.5,2.25,0.5,0.0,-73.98087311,0
2016.0,1.0,1.0,0.0,1.89,40.74452972,1.0,40.76285172,1.0,8.5,0.5,1.0,0.5,0.0,-73.96546173,0
2016.0,11.0,15.0,0.0,7.9,163.0,82.0,26.0,0.5,0.5,0.0,0.3,5.45,32.75,1.0,0
2016.0,7.0,10.0,0.0,3.97,75.0,48.0,15.0,0.0,0.5,0.0,0.3,3.16,18.96,1.0,0
2016.0,11.0,15.0,0.0,4.8,230.0,7.0,18.0,0.5,0.5,0.0,0.3,3.85,23.15,1.0,0
2016.0,9.0,4.0,0.0,1.0,230.0,164.0,6.0,0.5,0.5,0.0,0.3,0.0,7.3,2.0,0
2016.0,2.0,1.0,0.0,10.7,40.64638901,1.0,40.72571182,1.0,30.0,0.5,9.39,0.5,0.0,-73.70932007,0
2016.0,2.0,1.0,0.0,1.3,40.76594162,1.0,40.75122833,1.0,6.5,0.5,1.55,0.5,0.0,-73.9916687,0
2016.0,2.0,1.0,0.0,0.9,0.0,1.0,0.0,1.0,5.5,0.5,1.7,0.5,0.0,0.0,0
2016.0,7.0,17.0,0.0,2.4,79.0,65.0,10.5,0.5,0.5,0.0,0.3,2.36,14.16,1.0,0
2016.0,11.0,15.0,0.0,1.05,129.0,173.0,5.5,0.5,0.5,0.0,0.3,0.0,6.8,1.0,0
2016.0,7.0,10.0,0.0,6.33,236.0,148.0,21.0,0.0,0.5,0.0,0.3,4.36,26.16,1.0,0
2016.0,9.0,4.0,0.0,1.2,148.0,209.0,7.0,0.5,0.5,0.0,0.3,1.0,9.3,1.0,0
2016.0,11.0,15.0,0.0,2.9,163.0,145.0,16.5,0.5,0.5,0.0,0.3,0.0,17.8,4.0,0
2016.0,7.0,10.0,0.0,0.76,142.0,43.0,5.0,0.0,0.5,0.0,0.3,0.0,5.8,2.0,0
2016.0,1.0,1.0,0.0,0.94,40.72647858,1.0,40.72204971,2.0,5.0,0.5,0.0,0.5,0.0,-74.00308228,0
2016.0,7.0,17.0,0.0,1.5,144.0,107.0,7.5,0.5,0.5,0.0,0.3,1.76,10.56,1.0,0
2016.0,1.0,29.0,0.0,0.5,40.79436111,1.0,40.79618835,2.0,4.5,0.5,0.0,0.0,0.0,-73.93535614,0
2016.0,7.0,17.0,0.0,4.1,237.0,260.0,13.5,0.5,0.5,0.0,0.3,3.0,17.8,1.0,0
2016.0,9.0,4.0,0.0,0.9,255.0,112.0,5.0,0.5,0.5,0.0,0.3,0.0,6.3,2.0,0
2016.0,1.0,1.0,0.0,0.7,40.74491501,1.0,40.7385025,1.0,5.5,0.5,1.2,0.5,0.0,-73.99201202,0
2016.0,11.0,1.0,0.0,0.4,249.0,249.0,3.5,0.5,0.5,0.0,0.3,0.0,4.8,2.0,0
2016.0,1.0,1.0,0.0,3.2,40.76063919,1.0,40.74345016,1.0,14.5,0.5,3.15,0.5,0.0,-73.97289276,0
2016.0,9.0,4.0,0.0,1.1,114.0,148.0,8.5,0.5,0.5,0.0,0.3,1.95,11.75,1.0,0
2016.0,9.0,4.0,0.0,3.2,238.0,42.0,13.0,0.5,0.5,0.0,0.3,0.0,14.3,1.0,0
2016.0,7.0,10.0,0.0,5.03,13.0,142.0,19.0,0.0,0.5,0.0,0.3,0.0,19.8,2.0,0
2016.0,11.0,1.0,0.0,4.17,79.0,142.0,16.0,0.5,0.5,0.0,0.3,0.0,17.3,1.0,0
2016.0,2.0,1.0,0.0,0.0,0.0,5.0,40.74697876,1.0,60.0,0.5,8.0,0.0,0.0,-73.99668121,0
2016.0,11.0,1.0,0.0,0.79,144.0,148.0,7.0,0.5,0.5,0.0,0.3,1.66,9.96,1.0,0
2016.0,11.0,1.0,0.0,1.76,114.0,68.0,13.0,0.5,0.5,0.0,0.3,2.86,17.16,1.0,0
2016.0,7.0,17.0,0.0,2.5,48.0,249.0,10.5,0.5,0.5,0.0,0.3,2.36,14.16,1.0,0
2016.0,1.0,29.0,0.0,1.8,40.74690247,1.0,40.76579285,1.0,10.5,0.5,2.8,0.0,0.0,-73.98306274,0
2016.0,2.0,1.0,0.0,8.83,40.77017975,1.0,40.79700851,1.0,26.5,0.5,6.67,0.5,5.54,-73.96092987,0
2016.0,7.0,17.0,0.0,4.9,246.0,151.0,17.0,0.5,0.5,0.0,0.3,2.0,20.3,1.0,0
2016.0,1.0,1.0,0.0,0.8,40.74050903,1.0,40.73464584,1.0,4.5,0.5,1.45,0.5,0.0,-73.98852539,0
2016.0,2.0,1.0,0.0,1.13,40.75535965,1.0,40.76749039,2.0,6.0,0.5,0.0,0.5,0.0,-73.98458862,0
2016.0,11.0,1.0,0.0,1.0,211.0,148.0,7.0,0.5,0.5,0.0,0.3,0.0,8.3,1.0,0
2016.0,11.0,1.0,0.0,2.64,239.0,48.0,11.0,0.5,0.5,0.0,0.3,2.46,14.76,1.0,0
2016.0,2.0,1.0,0.0,2.52,40.75454712,1.0,40.74222565,2.0,10.5,0.5,0.0,0.5,0.0,-74.00426483,0
2016.0,11.0,1.0,0.0,8.1,100.0,173.0,30.0,0.5,0.5,0.0,0.3,0.0,31.3,2.0,0
2016.0,11.0,1.0,0.0,3.8,13.0,100.0,14.0,0.5,0.5,0.0,0.3,0.0,15.3,2.0,0
2016.0,1.0,1.0,0.0,13.0,40.75770187,1.0,40.8620491,2.0,36.5,0.5,0.0,0.5,0.0,-73.90930939,0
2016.0,2.0,1.0,0.0,2.52,40.72322083,1.0,40.69565201,1.0,10.5,0.5,2.36,0.5,0.0,-73.9845047,0
2016.0,7.0,10.0,0.0,3.7,230.0,231.0,15.0,0.0,0.5,0.0,0.3,0.0,15.8,2.0,0
2016.0,9.0,4.0,0.0,1.01,79.0,79.0,6.0,0.5,0.5,0.0,0.3,1.46,8.76,1.0,0
2016.0,9.0,4.0,0.0,1.76,239.0,151.0,7.5,0.5,0.5,0.0,0.3,0.0,8.8,2.0,0
2016.0,2.0,19.0,0.0,1.64,40.76440048,1.0,40.77732086,1.0,8.0,0.5,1.86,0.5,0.0,-73.97846222,0
2016.0,9.0,4.0,0.0,1.9,48.0,239.0,7.5,0.5,0.5,0.0,0.3,3.0,11.8,1.0,0
2016.0,11.0,1.0,0.0,1.29,230.0,229.0,7.5,0.5,0.5,0.0,0.3,1.76,10.56,1.0,0
2016.0,9.0,4.0,0.0,0.7,97.0,97.0,5.0,0.5,0.5,0.0,0.3,1.25,7.55,1.0,0
2016.0,7.0,10.0,0.0,0.72,151.0,151.0,5.0,0.0,0.5,0.0,0.3,1.16,6.96,1.0,0
2016.0,2.0,1.0,0.0,2.76,40.76110077,1.0,40.79230118,1.0,10.5,0.5,2.36,0.5,0.0,-73.97518921,0
2016.0,11.0,1.0,0.0,2.7,249.0,48.0,12.0,0.5,0.5,0.0,0.3,16.7,30.0,1.0,0
2016.0,1.0,1.0,0.0,1.22,40.77168655,1.0,40.7624855,2.0,7.5,0.5,0.0,0.5,0.0,-73.97445679,0
2016.0,7.0,10.0,0.0,1.34,186.0,158.0,6.5,0.0,0.5,0.0,0.3,0.0,7.3,2.0,0
2016.0,9.0,4.0,0.0,8.6,107.0,244.0,27.5,0.5,0.5,0.0,0.3,5.75,34.55,1.0,0
2016.0,11.0,1.0,0.0,0.24,100.0,100.0,3.5,0.5,0.5,0.0,0.3,0.0,4.8,2.0,0
2016.0,9.0,4.0,0.0,4.15,263.0,226.0,13.5,0.5,0.5,0.0,0.3,0.0,14.8,1.0,0
2016.0,1.0,1.0,0.0,1.32,40.7961998,1.0,40.78731155,2.0,6.5,0.5,0.0,0.5,0.0,-73.95005035,0
2016.0,9.0,4.0,0.0,0.7,114.0,148.0,5.5,0.5,0.5,0.0,0.3,1.35,8.15,1.0,0
2016.0,7.0,10.0,0.0,0.5,263.0,236.0,4.5,1.0,0.5,0.0,0.3,2.7,9.0,1.0,0
2016.0,7.0,17.0,0.0,1.9,148.0,234.0,9.0,0.5,0.5,0.0,0.3,0.0,10.3,2.0,0
2016.0,7.0,10.0,0.0,4.7,66.0,186.0,16.0,0.0,0.5,0.0,0.3,4.2,21.0,1.0,0
2016.0,7.0,10.0,0.0,2.6,148.0,186.0,10.5,0.0,0.5,0.0,0.3,1.0,12.3,1.0,0
2016.0,2.0,1.0,0.0,0.94,40.76478958,1.0,40.77584076,1.0,5.0,0.5,0.94,0.5,0.0,-73.98314667,0
2016.0,7.0,17.0,0.0,0.8,82.0,56.0,5.0,0.5,0.5,0.0,0.3,0.0,6.3,2.0,0
2016.0,1.0,1.0,0.0,7.45,40.71998978,1.0,40.78987122,2.0,26.0,0.5,0.0,0.5,0.0,-73.966362,0
2016.0,7.0,10.0,0.0,2.94,263.0,143.0,11.5,0.0,0.5,0.0,0.3,2.46,14.76,1.0,0
2016.0,2.0,1.0,0.0,1.14,40.75264359,1.0,40.7431221,2.0,6.5,0.5,0.0,0.5,0.0,-73.9932785,0
2016.0,11.0,15.0,0.0,5.8,163.0,116.0,19.5,0.5,0.5,0.0,0.3,3.0,23.8,1.0,0
2016.0,7.0,10.0,0.0,2.46,161.0,158.0,11.0,0.0,0.5,0.0,0.3,2.36,14.16,1.0,0
2016.0,7.0,17.0,0.0,3.4,234.0,142.0,13.5,0.5,0.5,0.0,0.3,1.5,16.3,1.0,0
2016.0,11.0,1.0,0.0,1.2,164.0,233.0,6.5,0.5,0.5,0.0,0.3,0.0,7.8,2.0,0
2016.0,1.0,1.0,0.0,0.83,40.74510574,1.0,40.74930954,2.0,7.0,0.5,0.0,0.5,0.0,-73.99221039,0
2016.0,9.0,4.0,0.0,1.45,186.0,114.0,7.5,0.5,0.5,0.0,0.3,1.76,10.56,1.0,0
2016.0,9.0,4.0,0.0,3.04,48.0,114.0,11.0,0.5,0.5,0.0,0.3,2.46,14.76,1.0,0
2016.0,2.0,1.0,0.0,1.5,40.73086548,1.0,40.72032928,4.0,8.5,0.5,0.0,0.5,0.0,-74.01084137,0
2016.0,9.0,4.0,0.0,2.7,45.0,170.0,12.5,0.5,0.5,0.0,0.3,2.75,16.55,1.0,0
2016.0,9.0,4.0,0.0,6.89,100.0,168.0,22.0,0.5,0.5,0.0,0.3,0.0,23.3,2.0,0
2016.0,9.0,4.0,0.0,1.4,68.0,79.0,9.0,0.5,0.5,0.0,0.3,2.05,12.35,1.0,0
2016.0,1.0,1.0,0.0,3.86,40.76459122,1.0,40.80475998,1.0,13.0,0.5,2.86,0.5,0.0,-73.95410156,0
2016.0,2.0,1.0,0.0,18.69,40.64671326,2.0,40.74198151,1.0,52.0,0.5,11.67,0.0,5.54,-74.00201416,0
2016.0,7.0,10.0,0.0,0.78,229.0,161.0,5.5,0.0,0.5,0.0,0.3,0.0,6.3,2.0,0
2016.0,11.0,1.0,0.0,1.71,68.0,107.0,9.0,0.5,0.5,0.0,0.3,0.5,10.8,1.0,0
2016.0,7.0,17.0,0.0,1.3,114.0,79.0,7.0,0.5,0.5,0.0,0.3,1.65,9.95,1.0,0
2016.0,7.0,10.0,0.0,1.07,144.0,231.0,5.5,0.0,0.5,0.0,0.3,0.0,6.3,2.0,0
2016.0,11.0,1.0,0.0,1.15,163.0,186.0,7.0,0.5,0.5,0.0,0.3,0.0,8.3,2.0,0
2016.0,9.0,4.0,0.0,1.03,148.0,113.0,6.5,0.5,0.5,0.0,0.3,1.56,9.36,1.0,0
2016.0,1.0,1.0,0.0,8.8,40.7336998,1.0,40.75072479,1.0,26.0,0.5,5.45,0.5,0.0,-73.89214325,0
2016.0,7.0,10.0,0.0,7.0,181.0,256.0,24.0,0.0,0.5,0.0,0.3,2.5,27.3,1.0,0
2016.0,11.0,1.0,0.0,1.3,249.0,114.0,14.5,0.5,0.5,0.0,0.3,0.0,15.8,2.0,0
2016.0,7.0,10.0,0.0,8.8,138.0,48.0,27.5,0.0,0.5,5.54,0.3,0.0,33.84,2.0,0
2016.0,1.0,1.0,0.0,1.1,40.75666046,1.0,40.75371552,2.0,11.5,0.5,0.0,0.5,0.0,-73.98148346,0
2016.0,1.0,29.0,0.0,0.81,40.746521,1.0,40.75553131,1.0,5.5,0.5,1.58,0.0,0.0,-73.96790314,0
2016.0,2.0,1.0,0.0,1.45,40.762146,1.0,40.74620819,1.0,6.5,0.5,1.56,0.5,0.0,-73.99060822,0
2016.0,2.0,19.0,0.0,17.5,40.71299744,1.0,40.64531708,1.0,48.5,0.5,12.32,0.0,0.0,-73.77643585,0
2016.0,2.0,19.0,0.0,4.28,40.73934174,1.0,40.70833206,1.0,19.5,0.5,2.0,0.5,0.0,-73.96846008,0
2016.0,11.0,1.0,0.0,0.46,230.0,48.0,3.5,0.5,0.5,0.0,0.3,0.96,5.76,1.0,0
2016.0,1.0,1.0,0.0,2.9,0.0,1.0,0.0,2.0,12.0,0.5,0.0,0.5,0.0,0.0,0
2016.0,9.0,4.0,0.0,0.6,79.0,148.0,7.5,0.5,0.5,0.0,0.3,1.75,10.55,1.0,0
2016.0,1.0,1.0,0.0,4.3,40.71897888,1.0,40.6743927,1.0,15.0,0.5,3.25,0.5,0.0,-73.95662689,0
2016.0,9.0,4.0,0.0,1.5,161.0,236.0,6.5,0.5,0.5,0.0,0.3,1.55,9.35,1.0,0
2016.0,11.0,15.0,0.0,3.96,90.0,66.0,13.5,0.5,0.5,0.0,0.3,1.48,16.28,1.0,0
2016.0,9.0,4.0,0.0,0.5,164.0,170.0,4.5,0.5,0.5,0.0,0.3,1.16,6.96,1.0,0
2016.0,9.0,4.0,0.0,0.1,100.0,100.0,20.5,0.5,0.0,0.0,0.3,0.0,21.3,3.0,0
2016.0,9.0,4.0,0.0,0.92,164.0,107.0,5.5,0.5,0.5,0.0,0.3,1.2,8.0,1.0,0
2016.0,11.0,15.0,0.0,1.1,163.0,141.0,6.5,0.5,0.5,0.0,0.3,1.0,8.8,1.0,0
2016.0,1.0,1.0,0.0,1.89,40.75260162,1.0,40.77605057,1.0,7.5,0.5,1.0,0.5,0.0,-73.95585632,0
2016.0,9.0,4.0,0.0,1.0,246.0,50.0,5.5,0.5,0.5,0.0,0.3,0.0,6.8,3.0,0
2016.0,1.0,1.0,0.0,2.0,40.69787216,1.0,40.69827652,1.0,9.5,0.5,2.7,0.5,0.0,-73.96121216,0
2016.0,7.0,10.0,0.0,1.44,186.0,158.0,7.5,0.0,0.5,0.0,0.3,1.66,9.96,1.0,0
2016.0,2.0,1.0,0.0,1.12,40.76227188,1.0,40.75022507,1.0,6.5,0.5,0.5,0.5,0.0,-73.99111938,0
2016.0,1.0,1.0,0.0,3.7,40.74224091,1.0,40.70693588,1.0,14.0,0.5,3.05,0.5,0.0,-74.00736237,0
2016.0,1.0,29.0,0.0,1.5,40.75522232,1.0,40.73880768,1.0,10.0,0.5,1.0,0.0,0.0,-73.99132538,0
2016.0,9.0,4.0,0.0,0.5,232.0,148.0,5.0,0.5,0.5,0.0,0.3,1.25,7.55,1.0,0
2016.0,2.0,19.0,0.0,2.17,40.7750206,1.0,40.77407455,2.0,10.5,0.5,0.0,0.5,0.0,-73.95698547,0
2016.0,2.0,1.0,0.0,0.0,40.66244125,1.0,40.6625824,3.0,2.5,0.5,0.0,0.5,0.0,-73.94824982,0
2016.0,7.0,10.0,0.0,1.11,68.0,100.0,5.0,0.0,0.5,0.0,0.3,1.45,7.25,1.0,0
2016.0,2.0,1.0,0.0,2.05,40.72309875,1.0,40.70732117,1.0,9.5,0.5,2.16,0.5,0.0,-74.01397705,0
2016.0,9.0,4.0,0.0,0.0,68.0,68.0,3.0,0.5,0.5,0.0,0.3,0.0,4.3,2.0,0
2016.0,2.0,19.0,0.0,4.3,40.77370071,1.0,40.72952271,2.0,19.5,0.5,0.0,0.5,0.0,-74.00388336,0
2016.0,7.0,10.0,0.0,3.2,90.0,13.0,12.0,0.0,0.5,0.0,0.3,2.55,15.35,1.0,0
2016.0,9.0,4.0,0.0,0.81,249.0,234.0,6.0,0.5,0.5,0.0,0.3,0.0,7.3,2.0,0
2016.0,1.0,1.0,0.0,6.2,40.71460724,1.0,40.74550247,1.0,21.0,0.5,5.55,0.5,0.0,-73.98752594,0
2016.0,7.0,10.0,0.0,1.6,113.0,148.0,9.0,0.0,0.5,0.0,0.3,0.0,9.8,2.0,0
2016.0,11.0,1.0,0.0,2.6,249.0,13.0,11.5,0.5,0.5,0.0,0.3,2.55,15.35,1.0,0
2016.0,2.0,19.0,0.0,3.5,40.73001099,1.0,40.6957016,1.0,16.0,0.5,4.3,0.5,0.0,-73.9681778,0
2016.0,7.0,17.0,0.0,0.7,234.0,68.0,5.0,0.5,0.5,0.0,0.3,2.0,8.3,1.0,0
2016.0,11.0,1.0,0.0,1.66,24.0,42.0,8.0,0.5,0.5,0.0,0.3,1.86,11.16,1.0,0
2016.0,7.0,10.0,0.0,1.9,170.0,114.0,8.5,0.0,0.5,0.0,0.3,0.0,9.3,1.0,0
2016.0,2.0,1.0,0.0,3.42,40.70769882,1.0,40.73173904,1.0,11.5,0.5,2.56,0.5,0.0,-73.97428131,0
2016.0,1.0,29.0,0.0,2.96,40.77607727,1.0,40.74118042,1.0,17.5,0.5,2.0,0.0,0.0,-73.98980713,0
2016.0,7.0,10.0,0.0,1.35,234.0,186.0,8.5,0.0,0.5,0.0,0.3,0.0,9.3,2.0,0
2016.0,11.0,1.0,0.0,0.9,163.0,162.0,5.5,0.5,0.5,0.0,0.3,1.36,8.16,1.0,0
2016.0,1.0,1.0,0.0,2.2,40.76850891,1.0,40.7877655,2.0,9.0,0.5,0.0,0.5,0.0,-73.94934845,0
2016.0,11.0,1.0,0.0,2.63,186.0,141.0,10.0,0.5,0.5,0.0,0.3,2.82,14.12,1.0,0
2016.0,11.0,1.0,0.0,4.6,264.0,264.0,16.5,0.0,0.5,0.0,0.3,2.2,19.5,1.0,0
2016.0,7.0,10.0,0.0,0.6,236.0,75.0,5.0,0.0,0.5,0.0,0.3,0.0,5.8,2.0,0
2016.0,11.0,15.0,0.0,4.34,13.0,181.0,14.5,0.5,0.5,5.54,0.3,4.27,25.61,1.0,0
2016.0,9.0,4.0,0.0,2.7,163.0,79.0,12.0,0.5,0.5,0.0,0.3,3.0,16.3,1.0,0
2016.0,9.0,4.0,0.0,0.1,48.0,48.0,2.5,0.5,0.5,0.0,0.3,1.1,4.9,1.0,0
2016.0,9.0,4.0,0.0,3.99,262.0,79.0,13.5,0.5,0.5,0.0,0.3,2.96,17.76,1.0,0
2016.0,1.0,1.0,0.0,0.87,40.80437851,1.0,40.79800034,2.0,5.5,0.5,0.0,0.5,0.0,-73.96369934,0
2016.0,11.0,1.0,0.0,0.84,48.0,163.0,5.0,0.5,0.5,0.0,0.3,0.63,6.93,1.0,0
2016.0,1.0,1.0,0.0,0.2,40.76407242,1.0,40.76173401,2.0,3.5,0.5,0.0,0.5,0.0,-73.97485352,0
2016.0,11.0,15.0,0.0,0.43,161.0,233.0,4.0,0.5,0.5,0.0,0.3,1.59,6.89,1.0,0
2016.0,7.0,17.0,0.0,4.22,114.0,141.0,15.0,0.5,0.5,0.0,0.3,2.0,18.3,1.0,0
2016.0,9.0,4.0,0.0,1.6,234.0,161.0,7.0,0.5,0.5,0.0,0.3,2.45,10.75,1.0,0
2016.0,1.0,1.0,0.0,4.93,40.72743988,1.0,40.76815033,1.0,17.5,0.5,3.76,0.5,0.0,-73.95645142,0
2016.0,2.0,1.0,0.0,16.4,40.64533997,2.0,40.75368881,2.0,52.0,0.5,0.0,0.0,5.54,-73.96962738,0
2016.0,7.0,10.0,0.0,4.03,143.0,116.0,14.0,0.0,0.5,0.0,0.3,0.0,14.8,2.0,0
2016.0,9.0,4.0,0.0,5.7,249.0,7.0,19.5,0.5,0.5,0.0,0.3,4.0,24.8,1.0,0
2016.0,1.0,29.0,0.0,1.23,40.71509171,1.0,40.72101212,1.0,8.0,0.5,1.76,0.0,0.0,-74.00107574,0
2016.0,9.0,4.0,0.0,16.44,114.0,174.0,47.0,0.5,0.5,0.0,0.3,0.0,48.3,2.0,0
2016.0,1.0,1.0,0.0,2.5,40.73199463,1.0,40.75138855,2.0,14.5,0.5,0.0,0.5,0.0,-73.9786377,0
2016.0,7.0,10.0,0.0,9.6,138.0,164.0,32.0,0.0,0.5,5.54,0.3,9.58,47.92,1.0,0
2016.0,11.0,15.0,0.0,1.1,79.0,4.0,6.0,0.5,0.5,0.0,0.3,1.45,8.75,1.0,0
2016.0,1.0,1.0,0.0,5.3,40.73696136,1.0,40.7555809,1.0,18.0,0.5,3.85,0.5,0.0,-73.92842102,0
2016.0,2.0,19.0,0.0,1.48,40.7610321,1.0,40.74758148,1.0,9.5,0.5,2.16,0.5,0.0,-73.97458649,0
2016.0,2.0,1.0,0.0,3.73,40.68432999,1.0,40.63936996,2.0,13.5,0.5,0.0,0.5,0.0,-73.96859741,0
2016.0,11.0,15.0,0.0,0.5,100.0,68.0,3.5,0.5,0.5,0.0,0.3,1.4,6.2,1.0,0
2016.0,9.0,4.0,0.0,3.6,48.0,79.0,15.0,0.5,0.5,0.0,0.3,4.05,20.35,1.0,0
2016.0,11.0,1.0,0.0,3.99,263.0,48.0,13.5,0.5,0.5,0.0,0.3,0.0,14.8,2.0,0
2016.0,7.0,17.0,0.0,0.4,249.0,246.0,4.0,0.5,0.5,0.0,0.3,1.05,6.35,1.0,0
2016.0,1.0,1.0,0.0,1.8,40.76550674,1.0,40.76623154,1.0,10.5,0.5,0.0,0.5,0.0,-73.98191833,0
2016.0,2.0,1.0,0.0,1.5,40.74211121,1.0,40.75839996,2.0,9.0,0.5,0.0,0.5,0.0,-73.98899078,0
2016.0,1.0,1.0,0.0,6.0,40.79104614,1.0,40.8655777,2.0,18.0,0.5,0.0,0.5,0.0,-73.92076874,0
2016.0,2.0,19.0,0.0,11.23,40.77412033,1.0,40.7726326,1.0,33.5,0.5,8.07,0.5,5.54,-73.98591614,0
2016.0,11.0,1.0,0.0,2.16,79.0,261.0,9.5,0.5,0.5,0.0,0.3,1.25,12.05,1.0,0
2016.0,9.0,4.0,0.0,1.3,249.0,90.0,5.5,0.5,0.5,0.0,0.3,0.0,6.8,1.0,0
2016.0,9.0,4.0,0.0,4.7,229.0,129.0,20.5,0.5,0.5,0.0,0.3,0.0,21.8,2.0,0
2016.0,1.0,1.0,0.0,4.9,40.7299118,1.0,40.71667862,1.0,18.0,0.5,0.0,0.5,0.0,-73.94447327,0
2016.0,11.0,1.0,0.0,2.65,263.0,230.0,10.0,0.5,0.5,0.0,0.3,2.26,13.56,1.0,0
2016.0,9.0,4.0,0.0,1.62,163.0,107.0,7.5,0.5,0.5,0.0,0.3,0.0,8.8,2.0,0
2016.0,11.0,1.0,0.0,4.2,163.0,144.0,15.5,0.5,0.5,0.0,0.3,1.0,17.8,1.0,0
2016.0,11.0,1.0,0.0,2.08,166.0,238.0,8.5,0.5,0.5,0.0,0.3,1.96,11.76,1.0,0
2016.0,2.0,1.0,0.0,6.02,40.7192421,1.0,40.70793915,2.0,19.5,0.5,0.0,0.5,0.0,-73.9095993,0
2016.0,11.0,1.0,0.0,6.16,234.0,74.0,19.5,0.5,0.5,0.0,0.3,0.0,20.8,2.0,0
2016.0,2.0,1.0,0.0,3.4,40.74332809,1.0,40.77905655,2.0,12.0,0.5,0.0,0.5,0.0,-73.95020294,0
2016.0,2.0,1.0,0.0,0.8,40.75327682,1.0,40.74371338,2.0,5.0,0.5,0.0,0.5,0.0,-73.92423248,0
2016.0,2.0,19.0,0.0,2.4,40.75545883,1.0,40.72775269,1.0,16.5,0.5,3.65,1.0,0.0,-73.98355865,0
2016.0,11.0,15.0,0.0,1.6,249.0,170.0,7.0,0.5,0.5,0.0,0.3,0.0,8.3,2.0,0
2016.0,7.0,10.0,0.0,1.51,238.0,142.0,8.0,0.0,0.5,0.0,0.3,1.0,9.8,1.0,0
2016.0,2.0,1.0,0.0,1.0,40.75476456,1.0,40.76253128,1.0,6.0,0.5,1.45,0.5,0.0,-73.97711182,0
2016.0,9.0,4.0,0.0,0.8,230.0,161.0,6.0,0.5,0.5,0.0,0.3,1.45,8.75,1.0,0
2016.0,11.0,1.0,0.0,15.64,132.0,233.0,52.0,0.0,0.5,5.54,0.3,11.67,70.01,1.0,0
2016.0,2.0,1.0,0.0,0.29,40.7469101,1.0,40.74488831,2.0,3.5,0.5,0.0,0.5,0.0,-73.99700928,0
2016.0,7.0,10.0,0.0,2.9,238.0,237.0,13.0,0.0,0.5,0.0,0.3,2.75,16.55,1.0,0
2016.0,7.0,10.0,0.0,1.0,163.0,48.0,6.0,0.0,0.5,0.0,0.3,2.5,9.3,1.0,0
2016.0,11.0,1.0,0.0,4.55,234.0,25.0,18.5,0.5,0.5,0.0,0.3,3.96,23.76,1.0,0
2016.0,2.0,1.0,0.0,0.7,40.75151062,1.0,40.74331284,1.0,4.5,0.5,1.15,0.5,0.0,-74.00495148,0
2016.0,2.0,1.0,0.0,3.42,40.7673111,1.0,0.0,2.0,12.0,0.5,0.0,1.3,0.0,0.0,0
2016.0,1.0,1.0,0.0,1.67,40.78263092,1.0,40.79228973,1.0,8.0,0.5,1.86,0.5,0.0,-73.9384613,0
2016.0,7.0,10.0,0.0,17.58,132.0,107.0,52.0,0.0,0.5,5.54,0.3,11.67,70.01,1.0,0
2016.0,11.0,15.0,0.0,10.56,100.0,227.0,32.0,0.5,0.5,5.54,0.3,0.0,38.84,2.0,0
2016.0,9.0,4.0,0.0,1.0,48.0,50.0,5.5,0.5,0.5,0.0,0.3,0.0,6.8,2.0,0
2016.0,1.0,29.0,0.0,0.52,40.79944611,1.0,40.79439545,1.0,6.0,0.5,1.0,0.0,0.0,-73.96643829,0
2016.0,2.0,1.0,0.0,18.4,40.64690781,1.0,40.68659973,1.0,49.5,0.5,12.7,0.5,0.0,-73.94138336,0
2016.0,11.0,1.0,0.0,1.1,68.0,48.0,8.0,0.5,0.5,0.0,0.3,1.85,11.15,1.0,0
2016.0,2.0,1.0,0.0,1.99,40.7582016,1.0,40.75797653,1.0,9.5,0.5,0.7,0.5,0.0,-73.96435547,0
2016.0,7.0,17.0,0.0,3.0,148.0,49.0,11.0,0.5,0.5,0.0,0.3,2.45,14.75,1.0,0
2016.0,2.0,19.0,0.0,18.3,40.71439743,2.0,40.64439392,2.0,52.0,0.5,0.0,0.0,0.0,-73.79065704,0
2016.0,9.0,4.0,0.0,0.79,114.0,148.0,5.0,0.5,0.5,0.0,0.3,0.0,6.3,2.0,0
2016.0,9.0,4.0,0.0,0.7,79.0,148.0,4.5,0.5,0.5,0.0,0.3,0.0,5.8,2.0,0
2016.0,9.0,4.0,0.0,4.0,48.0,166.0,13.0,0.5,0.5,0.0,0.3,2.85,17.15,1.0,0
2016.0,7.0,10.0,0.0,6.0,161.0,88.0,19.0,0.0,0.5,0.0,0.3,3.95,23.75,1.0,0
2016.0,7.0,10.0,0.0,2.61,66.0,125.0,10.5,0.0,0.5,0.0,0.3,2.26,13.56,1.0,0
2016.0,1.0,1.0,0.0,0.79,40.74491882,1.0,40.74143982,2.0,6.0,0.5,0.0,0.5,0.0,-73.9937973,0
2016.0,7.0,10.0,0.0,9.48,74.0,66.0,27.0,0.0,0.5,0.0,0.3,0.0,27.8,1.0,0
2016.0,1.0,29.0,0.0,4.65,40.73099899,1.0,40.7732811,2.0,21.0,0.5,0.0,0.0,0.0,-73.96195984,0
2016.0,9.0,4.0,0.0,1.0,246.0,48.0,5.5,0.5,0.5,0.0,0.3,0.0,6.8,2.0,0
2016.0,9.0,4.0,0.0,2.51,144.0,256.0,10.5,0.5,0.5,0.0,0.3,0.0,11.8,1.0,0
2016.0,11.0,1.0,0.0,1.74,141.0,233.0,7.0,0.5,0.5,0.0,0.3,1.0,9.3,1.0,0
2016.0,7.0,10.0,0.0,0.7,162.0,141.0,4.0,0.0,0.5,0.0,0.3,0.96,5.76,1.0,0
2016.0,2.0,19.0,0.0,2.15,40.73299408,1.0,40.72728348,2.0,13.5,0.5,0.0,0.5,0.0,-73.99964142,0
2016.0,7.0,10.0,0.0,1.03,43.0,142.0,6.0,0.0,0.5,0.0,0.3,0.0,6.8,2.0,0
2016.0,2.0,19.0,0.0,2.6,40.75040054,1.0,40.72446442,2.0,15.5,0.5,0.0,0.5,0.0,-73.99372101,0
2016.0,2.0,1.0,0.0,0.3,40.75926208,1.0,40.76029205,1.0,4.5,0.5,2.0,0.5,0.0,-73.98509979,0
2016.0,1.0,1.0,0.0,5.23,40.7168808,1.0,40.76937866,2.0,17.5,0.5,0.0,0.5,0.0,-73.96932983,0
2016.0,9.0,4.0,0.0,8.3,243.0,50.0,23.5,0.5,0.5,0.0,0.3,0.0,24.8,1.0,0
2016.0,2.0,19.0,0.0,1.9,40.76296616,1.0,40.75101471,2.0,11.5,0.5,0.0,0.5,0.0,-73.99068451,0
2016.0,1.0,1.0,0.0,0.69,40.73667526,1.0,40.73268127,2.0,4.5,0.5,0.0,0.5,0.0,-73.98566437,0
2016.0,7.0,10.0,0.0,0.5,262.0,262.0,4.5,0.0,0.5,0.0,0.3,1.05,6.35,1.0,0
2016.0,1.0,29.0,0.0,1.07,40.76163864,1.0,40.76723862,2.0,6.5,0.5,0.0,0.0,0.0,-73.95349121,0
2016.0,1.0,1.0,0.0,3.3,40.7295723,1.0,40.76834869,2.0,12.5,0.5,0.0,0.5,0.0,-73.95544434,0
2016.0,11.0,1.0,0.0,1.4,249.0,231.0,8.0,0.5,0.5,0.0,0.3,2.3,11.6,1.0,0
2016.0,9.0,4.0,0.0,2.6,158.0,230.0,11.0,0.5,0.5,0.0,0.3,0.0,12.3,2.0,0
2016.0,1.0,1.0,0.0,0.58,40.73796844,1.0,40.74279022,1.0,5.0,0.5,1.26,0.5,0.0,-74.0041275,0
2016.0,9.0,4.0,0.0,0.92,234.0,249.0,7.0,0.5,0.5,0.0,0.3,1.66,9.96,1.0,0
2016.0,11.0,15.0,0.0,0.69,161.0,48.0,5.0,0.5,0.5,0.0,0.3,1.26,7.56,1.0,0
2016.0,2.0,1.0,0.0,3.84,40.74024582,1.0,40.77964401,1.0,15.0,0.5,1.7,0.5,0.0,-73.98061371,0
2016.0,1.0,1.0,0.0,6.29,40.77389145,1.0,40.84777069,2.0,19.5,0.5,0.0,0.5,0.0,-73.93649292,0
2016.0,2.0,19.0,0.0,0.6,40.7631073,1.0,40.75488281,1.0,4.5,0.5,1.7,0.5,0.0,-73.97590637,0
2016.0,7.0,10.0,0.0,11.9,138.0,113.0,45.0,0.0,0.5,5.54,0.3,12.84,64.18,1.0,0
2016.0,1.0,1.0,0.0,1.85,40.72647095,1.0,40.71620178,2.0,8.5,0.5,0.0,0.5,0.0,-74.01474762,0
2016.0,9.0,4.0,0.0,0.08,100.0,100.0,2.5,0.5,0.5,0.0,0.3,0.0,3.8,2.0,0
2016.0,11.0,1.0,0.0,1.2,164.0,113.0,8.5,0.5,0.5,0.0,0.3,1.96,11.76,1.0,0
2016.0,7.0,10.0,0.0,1.56,230.0,246.0,10.5,0.0,0.5,0.0,0.3,2.82,14.12,1.0,0
2016.0,7.0,10.0,0.0,6.7,87.0,229.0,21.5,0.0,0.5,0.0,0.3,4.45,26.75,1.0,0
2016.0,2.0,1.0,0.0,8.6,40.72973633,1.0,40.82395172,1.0,27.0,0.5,5.66,0.5,0.0,-73.94858551,0
2016.0,9.0,4.0,0.0,1.0,249.0,211.0,6.0,0.5,0.5,0.0,0.3,0.0,7.3,2.0,0
2016.0,2.0,1.0,0.0,9.4,40.7740097,1.0,40.80283356,2.0,26.5,0.5,0.0,0.5,5.54,-73.96406555,0
2016.0,11.0,1.0,0.0,2.2,264.0,236.0,8.0,0.5,0.5,0.0,0.3,1.5,10.8,1.0,0
2016.0,2.0,19.0,0.0,2.92,40.75990677,1.0,40.79528809,2.0,11.0,0.5,0.0,0.5,0.0,-73.94548798,0
2016.0,1.0,1.0,0.0,0.87,40.77806854,1.0,40.78858185,2.0,4.5,0.5,0.0,0.5,0.0,-73.94892883,0
2016.0,1.0,1.0,0.0,5.7,40.77350235,1.0,40.81656265,2.0,18.5,0.5,0.0,0.5,0.0,-73.88846588,0
2016.0,9.0,4.0,0.0,1.0,246.0,186.0,5.5,0.5,0.5,0.0,0.3,1.0,7.8,1.0,0
2016.0,11.0,1.0,0.0,0.8,162.0,48.0,5.5,0.5,0.5,0.0,0.3,0.0,6.8,2.0,0
2016.0,9.0,4.0,0.0,3.3,170.0,239.0,12.0,0.5,0.5,0.0,0.3,0.0,13.3,2.0,0
2016.0,2.0,1.0,0.0,6.8,40.75052643,1.0,40.68466187,2.0,21.5,0.5,0.0,0.5,0.0,-73.98913574,0
2016.0,11.0,15.0,0.0,6.15,260.0,37.0,21.0,0.5,0.5,0.0,0.3,15.0,37.3,1.0,0
2016.0,7.0,10.0,0.0,2.26,230.0,236.0,8.5,0.0,0.5,0.0,0.3,1.86,11.16,1.0,0
2016.0,7.0,10.0,0.0,2.3,163.0,90.0,9.0,0.0,0.5,0.0,0.3,1.5,11.3,1.0,0
2016.0,11.0,1.0,0.0,9.19,230.0,127.0,28.0,0.5,0.5,0.0,0.3,0.0,29.3,2.0,0
2016.0,2.0,1.0,0.0,3.7,40.77902222,1.0,40.81230164,1.0,14.5,0.5,3.15,0.5,0.0,-73.95207214,0
2016.0,2.0,1.0,0.0,6.1,40.71085358,1.0,40.77156067,1.0,20.0,0.5,3.0,0.5,0.0,-73.95326996,0
2016.0,11.0,1.0,0.0,1.0,142.0,163.0,7.5,0.5,0.5,0.0,0.3,1.75,10.55,1.0,0
2016.0,11.0,15.0,0.0,1.09,229.0,140.0,5.0,0.5,0.5,0.0,0.3,0.0,6.3,1.0,0
2016.0,7.0,17.0,0.0,6.29,68.0,226.0,22.0,0.5,0.5,0.0,0.3,4.66,27.96,1.0,0
2016.0,2.0,1.0,0.0,1.41,40.75632477,1.0,40.77140427,1.0,6.0,0.5,1.46,0.5,0.0,-73.9657135,0
2016.0,2.0,1.0,0.0,2.74,40.75997925,1.0,40.73471832,1.0,10.5,0.5,2.95,0.5,0.0,-74.00453186,0
2016.0,7.0,10.0,0.0,1.43,87.0,211.0,7.0,0.0,0.5,0.0,0.3,1.95,9.75,1.0,0
2016.0,11.0,1.0,0.0,1.2,79.0,144.0,9.0,0.5,0.5,0.0,0.3,2.05,12.35,1.0,0
2016.0,9.0,4.0,0.0,0.6,186.0,68.0,5.0,0.5,0.5,0.0,0.3,0.0,6.3,2.0,0
2016.0,1.0,1.0,0.0,1.18,40.72182083,1.0,40.73403168,2.0,6.5,0.5,0.0,0.5,0.0,-73.99907684,0
2016.0,7.0,17.0,0.0,3.12,68.0,142.0,12.5,0.5,0.5,0.0,0.3,3.45,17.25,1.0,0
2016.0,11.0,1.0,0.0,5.66,79.0,163.0,31.0,0.5,0.5,0.0,0.3,0.0,32.3,2.0,0
2016.0,7.0,17.0,0.0,1.2,164.0,249.0,6.0,0.5,0.5,0.0,0.3,1.82,9.12,1.0,0
2016.0,1.0,1.0,0.0,8.7,40.76694489,1.0,40.86139297,1.0,25.0,0.5,0.0,0.5,0.0,-73.92446136,0
2016.0,2.0,1.0,0.0,2.2,40.70499039,1.0,40.72372818,1.0,8.5,0.5,1.95,0.5,0.0,-74.01126099,0
2016.0,1.0,29.0,0.0,1.78,40.77176285,1.0,40.75725174,1.0,9.0,0.5,2.45,0.0,0.0,-73.96369934,0
2016.0,2.0,1.0,0.0,4.33,40.75675964,1.0,40.74121857,1.0,15.5,0.5,3.36,0.5,0.0,-73.91988373,0
2016.0,11.0,1.0,0.0,2.5,249.0,164.0,12.5,0.5,0.5,0.0,0.3,2.75,16.55,1.0,0
2016.0,2.0,1.0,0.0,0.5,40.74738312,1.0,40.74992752,2.0,4.0,0.5,0.0,0.5,0.0,-73.99137115,0
2016.0,11.0,1.0,0.0,7.08,158.0,17.0,23.5,0.5,0.5,0.0,0.3,0.0,24.8,2.0,0
2016.0,11.0,1.0,0.0,1.05,246.0,48.0,5.0,0.5,0.5,0.0,0.3,1.89,8.19,1.0,0
2016.0,2.0,19.0,0.0,2.34,40.75667191,1.0,40.78483963,1.0,9.5,0.5,2.16,0.5,0.0,-73.94837952,0
2016.0,1.0,29.0,0.0,8.6,40.79247284,1.0,40.71976471,1.0,28.0,0.5,5.75,0.0,0.0,-73.99317169,0
2016.0,9.0,4.0,0.0,0.4,113.0,107.0,4.0,0.5,0.5,0.0,0.3,0.0,5.3,2.0,0
2016.0,1.0,1.0,0.0,5.0,40.73036957,1.0,40.77349854,1.0,19.5,0.5,4.5,0.5,0.0,-73.95168304,0
2016.0,9.0,4.0,0.0,0.82,80.0,37.0,5.0,0.5,0.5,0.0,0.3,1.26,7.56,1.0,0
2016.0,1.0,29.0,0.0,2.6,40.71743774,1.0,40.75130081,1.0,10.5,0.5,2.0,0.0,0.0,-74.00794983,0
2016.0,9.0,4.0,0.0,2.2,142.0,229.0,9.5,0.5,0.5,0.0,0.3,2.15,12.95,1.0,0
2016.0,2.0,19.0,0.0,1.3,40.76562119,1.0,40.77920532,1.0,7.0,0.5,2.05,0.5,0.0,-73.95113373,0
2016.0,11.0,15.0,0.0,3.5,114.0,255.0,14.0,0.5,0.5,0.0,0.3,3.05,18.35,1.0,0
2016.0,7.0,17.0,0.0,3.4,49.0,148.0,13.0,0.5,0.5,0.0,0.3,2.0,16.3,1.0,0
2016.0,1.0,1.0,0.0,3.55,0.0,1.0,0.0,1.0,15.5,0.5,3.36,0.5,0.0,0.0,0
2016.0,9.0,4.0,0.0,0.3,68.0,90.0,3.5,0.5,0.5,0.0,0.3,0.0,4.8,2.0,0
2016.0,9.0,4.0,0.0,0.97,107.0,162.0,5.0,0.5,0.5,0.0,0.3,1.26,7.56,1.0,0
2016.0,1.0,1.0,0.0,15.4,40.73356247,1.0,40.89178848,1.0,41.5,0.5,8.55,0.5,0.0,-73.85426331,0
2016.0,1.0,1.0,0.0,3.18,40.70887375,1.0,40.74932098,2.0,17.0,0.5,0.0,0.5,0.0,-73.98805237,0
2016.0,7.0,10.0,0.0,0.4,233.0,170.0,5.0,0.0,0.5,0.0,0.3,0.0,5.8,2.0,0
2016.0,11.0,15.0,0.0,3.5,231.0,49.0,13.5,0.5,0.5,0.0,0.3,2.95,17.75,1.0,0
2016.0,9.0,4.0,0.0,1.48,170.0,230.0,7.0,0.5,0.5,0.0,0.3,1.66,9.96,1.0,0
2016.0,7.0,10.0,0.0,2.69,231.0,100.0,10.5,0.0,0.5,0.0,0.3,2.26,13.56,1.0,0
2016.0,2.0,1.0,0.0,1.6,40.75298691,1.0,40.7425766,2.0,9.5,0.5,0.0,0.5,0.0,-73.91556549,0
2016.0,2.0,19.0,0.0,1.0,40.75417328,1.0,40.75042343,2.0,6.0,0.5,0.0,0.5,0.0,-73.99086761,0
2016.0,7.0,17.0,0.0,0.8,234.0,79.0,6.0,0.5,0.5,0.0,0.3,2.0,9.3,1.0,0
2016.0,2.0,1.0,0.0,1.7,40.74309921,1.0,40.75852966,1.0,8.5,0.5,2.45,0.5,0.0,-73.99268341,0
2016.0,9.0,4.0,0.0,0.51,164.0,100.0,4.0,0.5,0.5,0.0,0.3,1.0,6.3,1.0,0
2016.0,7.0,10.0,0.0,1.65,234.0,162.0,8.0,0.0,0.5,0.0,0.3,1.76,10.56,1.0,0
2016.0,11.0,1.0,0.0,2.6,68.0,161.0,11.5,0.5,0.5,0.0,0.3,0.0,12.8,2.0,0
2016.0,9.0,4.0,0.0,11.74,4.0,149.0,35.5,0.5,0.5,0.0,0.3,7.36,44.16,1.0,0
2016.0,9.0,4.0,0.0,0.83,79.0,148.0,5.5,0.5,0.5,0.0,0.3,1.0,7.8,1.0,0
2016.0,9.0,4.0,0.0,7.0,79.0,52.0,23.0,0.5,0.5,5.54,0.3,3.0,32.84,1.0,0
2016.0,1.0,29.0,0.0,1.61,40.76820374,1.0,40.78177261,1.0,8.0,0.5,1.76,0.0,0.0,-73.97206116,0
2016.0,11.0,1.0,0.0,0.9,113.0,211.0,5.5,0.5,0.5,0.0,0.3,1.35,8.15,1.0,0
2016.0,2.0,1.0,0.0,1.4,40.76267242,1.0,40.7507515,1.0,7.5,0.5,1.76,0.5,0.0,-73.98595428,0
2016.0,11.0,1.0,0.0,9.0,114.0,14.0,27.5,0.5,0.5,5.54,0.3,3.0,37.34,1.0,0
2016.0,7.0,10.0,0.0,3.56,236.0,186.0,15.5,0.0,0.5,0.0,0.3,3.26,19.56,1.0,0
2016.0,7.0,10.0,0.0,1.89,166.0,151.0,8.5,0.0,0.5,0.0,0.3,0.0,9.3,2.0,0
2016.0,9.0,4.0,0.0,5.4,48.0,116.0,18.5,0.5,0.5,0.0,0.3,3.96,23.76,1.0,0
2016.0,2.0,1.0,0.0,0.4,40.72743607,1.0,40.73198318,1.0,3.5,0.5,1.0,0.5,0.0,-74.00086975,0
2016.0,9.0,4.0,0.0,1.5,114.0,231.0,7.0,0.5,0.5,0.0,0.3,1.49,9.79,1.0,0
2016.0,11.0,15.0,0.0,4.0,230.0,166.0,12.5,0.5,0.5,0.0,0.3,1.99,15.79,1.0,0
2016.0,9.0,4.0,0.0,2.72,79.0,48.0,12.5,0.5,0.5,0.0,0.3,0.0,13.8,2.0,0
2016.0,9.0,4.0,0.0,11.86,88.0,116.0,34.0,0.5,0.5,0.0,0.3,0.0,35.3,1.0,0
2016.0,1.0,1.0,0.0,14.04,40.74805832,1.0,40.60917664,2.0,42.0,0.5,0.0,0.5,0.0,-73.99208832,0
2016.0,7.0,17.0,0.0,15.2,48.0,248.0,41.5,0.5,0.5,0.0,0.3,2.85,45.65,1.0,0
2016.0,7.0,17.0,0.0,1.1,158.0,249.0,7.0,0.5,0.5,0.0,0.3,1.66,9.96,1.0,0
2016.0,2.0,19.0,0.0,1.12,40.75238037,1.0,40.75170517,1.0,7.0,0.5,1.66,0.5,0.0,-73.99376678,0
2016.0,7.0,10.0,0.0,3.02,263.0,164.0,11.5,0.0,0.5,0.0,0.3,2.46,14.76,1.0,0
2016.0,1.0,1.0,0.0,2.94,40.73976898,1.0,40.74251938,1.0,15.0,0.5,0.0,0.5,0.0,-73.99954987,0
2016.0,1.0,1.0,0.0,0.2,40.76467133,1.0,40.76414871,2.0,3.5,0.5,0.0,0.5,0.0,-73.99214935,0
2016.0,2.0,19.0,0.0,2.31,40.74251938,1.0,40.71754074,2.0,16.0,0.5,0.0,0.5,0.0,-73.9878006,0
2016.0,11.0,1.0,0.0,1.5,162.0,107.0,7.0,0.5,0.5,0.0,0.3,2.05,10.35,1.0,0
2016.0,7.0,10.0,0.0,0.9,161.0,142.0,6.0,0.0,0.5,0.0,0.3,1.0,7.8,1.0,0
2016.0,2.0,1.0,0.0,3.7,40.7515564,1.0,40.75712585,1.0,13.0,0.5,2.0,0.5,0.0,-73.9890213,0
2016.0,7.0,10.0,0.0,0.9,48.0,68.0,5.5,0.0,0.5,0.0,0.3,0.0,6.3,2.0,0
2016.0,7.0,10.0,0.0,1.6,141.0,162.0,7.5,0.0,0.5,0.0,0.3,1.65,9.95,1.0,0
2016.0,9.0,4.0,0.0,14.92,179.0,200.0,40.5,0.5,0.5,0.0,0.3,0.0,41.8,2.0,0
2016.0,7.0,17.0,0.0,2.4,68.0,148.0,12.0,0.5,0.5,0.0,0.3,1.0,14.3,1.0,0
2016.0,1.0,29.0,0.0,0.89,40.76107025,1.0,40.75367355,1.0,5.5,0.5,1.26,0.0,0.0,-73.93774414,0
2016.0,7.0,10.0,0.0,3.09,236.0,186.0,13.5,0.0,0.5,0.0,0.3,2.86,17.16,1.0,0
2016.0,7.0,10.0,0.0,13.13,138.0,114.0,38.5,0.0,0.5,5.54,0.3,0.0,44.84,2.0,0
2016.0,11.0,1.0,0.0,8.35,162.0,95.0,24.5,0.5,0.5,0.0,0.3,0.0,25.8,1.0,0
2016.0,9.0,4.0,0.0,1.4,107.0,79.0,8.0,0.5,0.5,0.0,0.3,1.85,11.15,1.0,0
2016.0,1.0,1.0,0.0,1.1,40.76485825,1.0,40.76293564,2.0,11.0,0.5,0.0,0.5,0.0,-73.97802734,0
2016.0,11.0,1.0,0.0,3.8,48.0,114.0,16.0,0.5,0.5,0.0,0.3,3.45,20.75,1.0,0
2016.0,9.0,4.0,0.0,2.5,230.0,236.0,9.0,0.5,0.5,0.0,0.3,0.0,10.3,1.0,0
2016.0,2.0,1.0,0.0,0.9,40.72855377,1.0,40.73954773,1.0,6.5,0.5,2.2,0.5,0.0,-73.98048401,0
2016.0,11.0,1.0,0.0,3.11,114.0,80.0,13.0,0.5,0.5,0.0,0.3,0.0,14.3,2.0,0
2016.0,1.0,29.0,0.0,2.36,40.76081085,1.0,40.74802017,1.0,13.5,0.5,2.86,0.0,0.0,-73.98296356,0
2016.0,9.0,4.0,0.0,1.9,255.0,37.0,9.5,0.5,0.5,0.0,0.3,2.16,12.96,1.0,0
2016.0,7.0,10.0,0.0,21.3,132.0,231.0,52.0,0.0,0.5,0.0,0.3,0.0,52.8,2.0,0
2016.0,11.0,1.0,0.0,0.72,231.0,231.0,4.5,0.5,0.5,0.0,0.3,1.74,7.54,1.0,0
2016.0,9.0,4.0,0.0,4.5,148.0,48.0,17.0,0.5,0.5,0.0,0.3,0.0,18.3,1.0,0
2016.0,1.0,1.0,0.0,4.26,40.76258087,1.0,40.79871368,1.0,17.0,0.5,3.66,0.5,0.0,-73.96331024,0
2016.0,1.0,29.0,0.0,2.6,40.7724762,1.0,40.78335953,2.0,12.5,0.5,0.0,0.0,0.0,-73.95494843,0
2016.0,2.0,1.0,0.0,0.81,40.77764893,1.0,40.78665924,1.0,4.5,0.5,1.16,0.5,0.0,-73.94087219,0
2016.0,7.0,17.0,0.0,4.7,68.0,263.0,16.0,0.5,0.5,0.0,0.3,3.45,20.75,1.0,0
2016.0,2.0,1.0,0.0,2.12,40.71883774,1.0,40.71401215,1.0,8.5,0.5,1.2,0.5,0.0,-73.9614563,0
2016.0,9.0,4.0,0.0,1.1,162.0,237.0,5.5,0.5,0.5,0.0,0.3,1.2,8.0,1.0,0
2016.0,2.0,1.0,0.0,5.58,40.64536667,1.0,40.68419647,2.0,17.0,0.5,0.0,0.5,0.0,-73.82113647,0
2016.0,2.0,1.0,0.0,4.8,40.72395325,1.0,40.72403336,1.0,16.5,0.5,4.45,0.5,0.0,-73.93946838,0
2016.0,7.0,10.0,0.0,0.8,75.0,236.0,5.0,0.0,0.5,0.0,0.3,1.0,6.8,1.0,0
2016.0,1.0,1.0,0.0,13.64,40.64476013,1.0,40.66186905,2.0,39.0,0.5,0.0,0.5,0.0,-73.97924805,0
2016.0,2.0,19.0,0.0,1.98,40.74047852,1.0,40.76420975,1.0,8.0,0.5,2.32,0.5,0.0,-73.95917511,0
2016.0,11.0,1.0,0.0,0.2,68.0,158.0,3.0,0.5,0.5,0.0,0.3,0.0,4.3,2.0,0
2016.0,9.0,4.0,0.0,1.7,237.0,164.0,8.0,0.5,0.5,0.0,0.3,0.0,9.3,2.0,0
2016.0,7.0,10.0,0.0,11.13,138.0,142.0,33.0,0.0,0.5,5.54,0.3,0.0,39.34,1.0,0
2016.0,1.0,1.0,0.0,6.0,40.72983551,1.0,40.80315399,1.0,25.5,0.5,5.36,0.5,0.0,-73.96417999,0
2016.0,9.0,4.0,0.0,2.57,164.0,148.0,11.0,0.5,0.5,0.0,0.3,3.69,15.99,1.0,0
2016.0,1.0,1.0,0.0,3.09,40.72017288,1.0,40.75656128,2.0,14.5,0.5,0.0,0.5,0.0,-73.97338867,0
2016.0,11.0,1.0,0.0,3.8,79.0,48.0,15.0,0.5,0.5,0.0,0.3,0.0,16.3,1.0,0
2016.0,11.0,1.0,0.0,1.81,148.0,158.0,9.0,0.5,0.5,0.0,0.3,2.06,12.36,1.0,0
2016.0,7.0,10.0,0.0,0.63,234.0,113.0,4.0,0.0,0.5,0.0,0.3,1.0,5.8,1.0,0
2016.0,7.0,10.0,0.0,7.67,224.0,41.0,23.0,0.0,0.5,0.0,0.3,3.0,26.8,1.0,0
2016.0,9.0,4.0,0.0,1.9,68.0,162.0,9.5,0.5,0.5,0.0,0.3,0.0,10.8,2.0,0
2016.0,7.0,10.0,0.0,2.22,256.0,148.0,10.0,0.0,0.5,0.0,0.3,0.0,10.8,2.0,0
2016.0,11.0,1.0,0.0,3.93,79.0,141.0,13.0,0.5,0.5,0.0,0.3,0.0,14.3,2.0,0
2016.0,1.0,1.0,0.0,2.43,40.76353836,1.0,40.74425125,1.0,12.0,0.5,3.99,0.5,0.0,-73.99568939,0
2016.0,11.0,1.0,0.0,0.89,163.0,229.0,6.0,0.5,0.5,0.0,0.3,1.0,8.3,1.0,0
2016.0,7.0,17.0,0.0,0.3,162.0,161.0,4.0,0.5,0.5,0.0,0.3,1.05,6.35,1.0,0
2016.0,7.0,10.0,0.0,1.28,79.0,249.0,6.5,0.0,0.5,0.0,0.3,1.5,8.8,1.0,0
2016.0,9.0,4.0,0.0,1.5,231.0,261.0,6.5,0.5,0.5,0.0,0.3,0.0,7.8,2.0,0
2016.0,1.0,1.0,0.0,1.6,40.7796402,1.0,40.7985878,1.0,6.5,0.5,1.55,0.5,0.0,-73.97141266,0
2016.0,9.0,4.0,0.0,6.02,162.0,129.0,19.5,0.5,0.5,0.0,0.3,0.0,20.8,2.0,0
2016.0,11.0,1.0,0.0,4.87,186.0,7.0,16.5,0.5,0.5,0.0,0.3,4.45,22.25,1.0,0
2016.0,11.0,15.0,0.0,1.92,162.0,224.0,8.0,0.5,0.5,0.0,0.3,1.0,10.3,1.0,0
2016.0,9.0,4.0,0.0,2.74,230.0,79.0,10.5,0.5,0.5,0.0,0.3,0.0,11.8,2.0,0
2016.0,9.0,4.0,0.0,2.58,114.0,230.0,11.0,0.5,0.5,0.0,0.3,3.08,15.38,1.0,0
2016.0,11.0,1.0,0.0,2.0,79.0,90.0,9.5,0.5,0.5,0.0,0.3,1.0,11.8,1.0,0
2016.0,11.0,1.0,0.0,1.7,239.0,230.0,9.0,0.5,0.5,0.0,0.3,2.55,12.85,1.0,0
2016.0,9.0,4.0,0.0,8.19,68.0,195.0,25.0,0.5,0.5,0.0,0.3,0.0,26.3,1.0,0
2016.0,2.0,19.0,0.0,9.17,40.72089386,1.0,40.7791748,1.0,27.0,0.5,5.66,0.5,0.0,-73.95481873,0
2016.0,9.0,4.0,0.0,2.7,264.0,264.0,13.0,0.5,0.5,0.0,0.3,0.0,14.3,2.0,0
2016.0,2.0,1.0,0.0,3.23,40.73159027,1.0,40.76776123,1.0,12.5,0.5,2.76,0.5,0.0,-73.991539,0
2016.0,1.0,29.0,0.0,0.77,40.75106049,1.0,40.75628662,1.0,7.0,0.5,1.56,0.0,0.0,-73.98721313,0
2016.0,9.0,4.0,0.0,0.75,79.0,107.0,5.0,0.5,0.5,0.0,0.3,1.0,7.3,1.0,0
2016.0,2.0,1.0,0.0,1.11,40.76963043,1.0,40.76731873,2.0,7.5,0.5,0.0,0.5,0.0,-73.96446991,0
2016.0,11.0,1.0,0.0,1.23,246.0,230.0,6.0,0.5,0.5,0.0,0.3,1.82,9.12,1.0,0
2016.0,1.0,1.0,0.0,1.18,40.73460007,1.0,40.72577667,2.0,6.5,0.5,0.0,0.5,0.0,-73.98368073,0
2016.0,2.0,1.0,0.0,1.4,40.74597168,1.0,40.73023605,1.0,6.0,0.5,0.1,0.5,0.0,-74.00032806,0
2016.0,9.0,4.0,0.0,2.38,90.0,48.0,10.5,0.5,0.5,0.0,0.3,0.0,11.8,2.0,0
2016.0,2.0,1.0,0.0,3.05,40.78783035,1.0,40.81964874,1.0,12.0,0.5,2.66,0.5,0.0,-73.9467392,0
2016.0,9.0,4.0,0.0,1.19,256.0,17.0,6.5,0.5,0.5,0.0,0.3,3.0,10.8,1.0,0
2016.0,9.0,4.0,0.0,1.47,144.0,107.0,7.0,0.5,0.5,0.0,0.3,1.66,9.96,1.0,0
2016.0,2.0,1.0,0.0,2.1,40.76869202,1.0,40.7942009,2.0,8.5,0.5,0.0,0.5,0.0,-73.94070435,0
2016.0,7.0,10.0,0.0,1.2,246.0,164.0,7.0,0.0,0.5,0.0,0.3,0.0,7.8,2.0,0
2016.0,2.0,1.0,0.0,1.1,40.77342224,1.0,40.78142166,2.0,6.5,0.5,0.0,0.5,0.0,-73.95610809,0
2016.0,1.0,1.0,0.0,10.54,40.67956543,1.0,40.78892517,1.0,33.0,0.5,0.0,0.5,0.0,-73.95027161,0
2016.0,1.0,1.0,0.0,6.5,40.75986481,1.0,40.74866486,2.0,22.5,0.5,0.0,0.5,0.0,-73.87660217,0
2016.0,9.0,4.0,0.0,5.3,230.0,152.0,19.0,0.5,0.5,0.0,0.3,0.0,20.3,2.0,0
2016.0,9.0,4.0,0.0,1.0,144.0,231.0,6.5,0.5,0.5,0.0,0.3,1.95,9.75,1.0,0
2016.0,9.0,4.0,0.0,0.9,189.0,49.0,5.0,0.5,0.5,0.0,0.3,0.0,6.3,2.0,0
2016.0,11.0,15.0,0.0,2.5,48.0,141.0,12.0,0.5,0.5,0.0,0.3,0.0,13.3,2.0,0
2016.0,2.0,1.0,0.0,1.5,40.74972153,1.0,40.76398468,2.0,6.5,0.5,0.0,0.5,0.0,-73.98232269,0
2016.0,7.0,10.0,0.0,1.98,161.0,48.0,11.5,0.0,0.5,0.0,0.3,3.08,15.38,1.0,0
2016.0,11.0,15.0,0.0,1.8,237.0,137.0,7.5,0.5,0.5,0.0,0.3,1.75,10.55,1.0,0
2016.0,2.0,1.0,0.0,3.23,40.77275085,1.0,40.74296951,1.0,12.0,0.5,2.66,0.5,0.0,-73.98722839,0
2016.0,11.0,1.0,0.0,20.11,132.0,231.0,52.0,0.0,0.5,0.0,0.3,10.56,63.36,1.0,0
2016.0,9.0,4.0,0.0,4.11,114.0,25.0,15.5,0.5,0.5,0.0,0.3,3.36,20.16,1.0,0
2016.0,9.0,4.0,0.0,1.7,164.0,114.0,8.5,0.5,0.5,0.0,0.3,0.0,9.8,2.0,0
2016.0,11.0,1.0,0.0,11.58,100.0,62.0,39.0,0.5,0.5,0.0,0.3,0.0,40.3,1.0,0
2016.0,2.0,19.0,0.0,7.19,40.64673615,1.0,40.6919136,2.0,21.0,0.5,0.0,0.5,0.0,-73.85689545,0
2016.0,7.0,10.0,0.0,2.0,90.0,4.0,9.5,0.0,0.5,0.0,0.3,0.0,10.3,2.0,0
2016.0,11.0,15.0,0.0,0.79,161.0,237.0,6.0,0.5,0.5,0.0,0.3,0.0,7.3,2.0,0
2016.0,9.0,4.0,0.0,1.17,79.0,137.0,6.0,0.5,0.5,0.0,0.3,1.46,8.76,1.0,0
2016.0,2.0,1.0,0.0,3.13,40.72710037,1.0,40.75588989,1.0,12.0,0.5,2.66,0.5,0.0,-73.97119141,0
2016.0,2.0,1.0,0.0,4.5,40.75504303,1.0,40.76597214,2.0,15.5,0.5,0.0,0.5,0.0,-73.9267807,0
2016.0,2.0,19.0,0.0,0.0,40.7698822,2.0,40.76987457,4.0,52.0,0.5,0.0,0.0,0.0,-73.86342621,0
2016.0,1.0,1.0,0.0,0.54,40.76895142,1.0,40.76173019,2.0,6.0,0.5,0.0,0.5,0.0,-73.99022675,0
2016.0,2.0,1.0,0.0,1.18,40.7396698,1.0,40.74087143,2.0,7.5,0.5,0.0,0.5,0.0,-74.00489044,0
2016.0,1.0,1.0,0.0,4.7,40.76777267,1.0,40.70992661,1.0,17.0,0.5,2.0,0.5,0.0,-74.00960541,0
2016.0,9.0,4.0,0.0,5.02,79.0,143.0,17.0,0.5,0.5,0.0,0.3,3.66,21.96,1.0,0
2016.0,9.0,4.0,0.0,2.7,164.0,231.0,13.5,0.5,0.5,0.0,0.3,0.0,14.8,2.0,0
2016.0,2.0,1.0,0.0,10.4,40.72980881,1.0,40.82681274,1.0,33.5,0.5,5.0,0.5,0.0,-73.93940735,0
2016.0,1.0,29.0,0.0,0.27,40.75014114,1.0,40.74761963,2.0,3.0,0.5,0.0,0.0,0.0,-73.98046112,0
2016.0,9.0,4.0,0.0,10.55,48.0,220.0,33.0,0.5,0.5,0.0,0.3,0.0,34.3,2.0,0
2016.0,1.0,1.0,0.0,1.2,40.74206924,1.0,40.74216461,3.0,12.5,0.5,0.0,0.5,0.0,-74.00228882,0
2016.0,2.0,1.0,0.0,1.7,40.75719452,1.0,40.76964951,1.0,7.0,0.5,1.7,0.5,0.0,-73.96034241,0
2016.0,1.0,29.0,0.0,0.29,40.78183365,1.0,40.78534698,1.0,3.5,0.5,1.29,0.0,0.0,-73.96938324,0
2016.0,9.0,4.0,0.0,0.76,246.0,48.0,4.5,0.5,0.5,0.0,0.3,1.0,6.8,1.0,0
2016.0,11.0,1.0,0.0,0.8,90.0,68.0,5.5,0.5,0.5,0.0,0.3,0.0,6.8,2.0,0
2016.0,11.0,15.0,0.0,9.75,24.0,129.0,30.5,0.5,0.5,0.0,0.3,0.0,31.8,2.0,0
2016.0,1.0,1.0,0.0,1.11,40.73817062,1.0,40.75054932,1.0,7.0,0.5,1.66,0.5,0.0,-73.99459076,0
2016.0,2.0,19.0,0.0,2.23,40.72652054,1.0,40.75009918,1.0,11.0,0.5,2.0,0.5,0.0,-73.99137878,0
2016.0,2.0,19.0,0.0,3.7,40.72244644,1.0,40.7640152,1.0,16.0,0.5,3.45,0.5,0.0,-73.97679901,0
2016.0,1.0,1.0,0.0,2.9,40.77487946,1.0,40.74411392,2.0,20.5,0.5,0.0,0.5,0.0,-73.98136139,0
2016.0,1.0,1.0,0.0,5.1,40.74588013,1.0,40.80126572,1.0,17.5,0.5,2.82,0.5,0.0,-73.96988678,0
2016.0,7.0,10.0,0.0,1.0,68.0,100.0,6.5,0.0,0.5,0.0,0.3,1.45,8.75,1.0,0
2016.0,11.0,15.0,0.0,0.8,249.0,107.0,5.0,0.5,0.5,0.0,0.3,0.0,6.3,2.0,0
2016.0,1.0,1.0,0.0,1.43,40.73439789,1.0,40.72411346,2.0,7.5,0.5,0.0,0.5,0.0,-73.97879028,0
2016.0,11.0,1.0,0.0,6.1,234.0,41.0,24.0,0.5,0.5,0.0,0.3,5.06,30.36,1.0,0
2016.0,2.0,1.0,0.0,1.9,40.76039886,1.0,40.7478714,2.0,8.0,0.5,0.0,0.5,0.0,-73.94622803,0
2016.0,7.0,10.0,0.0,8.73,138.0,236.0,25.5,0.0,0.5,5.54,0.3,9.55,41.39,1.0,0
2016.0,11.0,1.0,0.0,2.6,42.0,168.0,10.5,0.5,0.5,0.0,0.3,2.35,14.15,1.0,0
2016.0,11.0,1.0,0.0,2.2,107.0,50.0,10.5,0.5,0.5,0.0,0.3,2.35,14.15,1.0,0
2016.0,2.0,1.0,0.0,1.39,40.77751923,1.0,40.76351166,1.0,7.0,0.5,2.49,0.5,0.0,-73.97348785,0
2016.0,9.0,4.0,0.0,5.5,90.0,7.0,19.5,0.5,0.5,0.0,0.3,3.0,23.8,1.0,0
2016.0,7.0,10.0,0.0,0.97,249.0,186.0,6.0,0.0,0.5,0.0,0.3,0.0,6.8,2.0,0
2016.0,9.0,4.0,0.0,2.22,163.0,75.0,8.0,0.5,0.5,0.0,0.3,1.86,11.16,1.0,0
2016.0,7.0,10.0,0.0,1.79,142.0,237.0,9.0,0.0,0.5,0.0,0.3,1.96,11.76,1.0,0
2016.0,2.0,1.0,0.0,1.58,40.78274155,1.0,40.79756927,1.0,8.0,0.5,1.0,0.5,0.0,-73.97368622,0
2016.0,1.0,1.0,0.0,2.51,40.75286102,1.0,40.75764084,2.0,9.5,0.5,0.0,0.5,0.0,-73.96361542,0
2016.0,2.0,19.0,0.0,4.63,40.72108078,1.0,40.69195938,1.0,18.0,0.5,3.86,0.5,0.0,-73.96566772,0
2016.0,9.0,4.0,0.0,2.26,17.0,37.0,10.0,0.5,0.5,0.0,0.3,2.26,13.56,1.0,0
2016.0,9.0,4.0,0.0,2.14,148.0,256.0,8.5,0.5,0.5,0.0,0.3,0.0,9.8,2.0,0
2016.0,11.0,1.0,0.0,8.25,48.0,243.0,25.0,0.5,0.5,0.0,0.3,5.26,31.56,1.0,0
2016.0,2.0,19.0,0.0,1.08,40.71886063,1.0,40.70943069,1.0,5.5,0.5,1.5,0.5,0.0,-74.01732635,0
2016.0,7.0,10.0,0.0,0.99,141.0,236.0,6.5,0.0,0.5,0.0,0.3,0.0,7.3,2.0,0
2016.0,7.0,10.0,0.0,1.1,261.0,12.0,7.0,0.0,0.5,0.0,0.3,1.2,9.0,1.0,0
2016.0,2.0,19.0,0.0,4.5,40.6919632,1.0,40.7271843,1.0,16.5,0.5,0.0,0.5,0.0,-73.95285034,0
2016.0,11.0,1.0,0.0,1.5,113.0,148.0,9.5,0.5,0.5,0.0,0.3,2.15,12.95,1.0,0
2016.0,2.0,19.0,0.0,2.3,40.76037216,1.0,40.73820114,2.0,11.0,0.5,0.0,0.5,0.0,-73.99144745,0
2016.0,11.0,1.0,0.0,1.1,75.0,141.0,5.0,0.5,0.5,0.0,0.3,0.0,6.3,2.0,0
2016.0,2.0,19.0,0.0,3.21,40.74486542,1.0,40.71875381,1.0,15.0,0.5,2.0,0.5,0.0,-73.9861908,0
2016.0,11.0,15.0,0.0,0.98,164.0,230.0,4.5,0.5,0.5,0.0,0.3,1.16,6.96,1.0,0
2016.0,2.0,1.0,0.0,9.8,40.74117279,1.0,40.63807297,1.0,28.5,0.5,5.95,0.5,0.0,-74.03016663,0
2016.0,2.0,1.0,0.0,2.61,40.7379837,1.0,40.70727921,1.0,10.0,0.5,1.5,0.5,0.0,-74.01199341,0
2016.0,1.0,1.0,0.0,0.56,40.7469101,1.0,40.75115967,2.0,4.5,0.5,0.0,0.5,0.0,-73.99086761,0
2016.0,1.0,1.0,0.0,7.8,40.72014236,1.0,40.79058075,1.0,32.5,0.5,6.76,0.5,0.0,-73.96884918,0
2016.0,11.0,15.0,0.0,1.9,249.0,48.0,8.5,0.5,0.5,0.0,0.3,1.95,11.75,1.0,0
2016.0,11.0,1.0,0.0,1.0,141.0,236.0,5.0,0.5,0.5,0.0,0.3,0.0,6.3,2.0,0
2016.0,1.0,1.0,0.0,2.4,40.74423981,1.0,40.76871109,1.0,11.0,0.5,3.05,0.5,0.0,-73.98545837,0
2016.0,7.0,10.0,0.0,3.1,236.0,48.0,12.0,0.0,0.5,0.0,0.3,0.0,12.8,2.0,0
2016.0,1.0,1.0,0.0,3.1,40.75527954,1.0,40.72063446,1.0,19.5,0.5,4.15,0.5,0.0,-73.99514771,0
2016.0,11.0,1.0,0.0,1.27,68.0,68.0,6.0,0.5,0.5,0.0,0.3,1.46,8.76,1.0,0
2016.0,2.0,1.0,0.0,5.59,40.75246048,1.0,40.77384949,1.0,20.0,0.5,4.26,0.5,0.0,-73.91213989,0
2016.0,7.0,10.0,0.0,6.39,262.0,114.0,21.0,0.0,0.5,0.0,0.3,4.36,26.16,1.0,0
2016.0,7.0,17.0,0.0,1.51,239.0,151.0,6.0,0.5,0.5,0.0,0.3,1.82,9.12,1.0,0
2016.0,2.0,1.0,0.0,9.64,40.76988983,1.0,40.69215012,1.0,28.0,0.5,5.86,0.5,0.0,-73.95111084,0
2016.0,9.0,4.0,0.0,4.9,230.0,145.0,15.5,0.5,0.5,0.0,0.3,3.35,20.15,1.0,0
2016.0,9.0,4.0,0.0,13.7,158.0,265.0,60.0,0.5,0.0,10.5,0.3,14.25,85.55,1.0,0
2016.0,11.0,15.0,0.0,1.57,234.0,79.0,7.0,0.5,0.5,0.0,0.3,1.5,9.8,1.0,0
2016.0,1.0,1.0,0.0,1.1,40.79573059,1.0,40.80493164,1.0,6.0,0.5,1.0,0.5,0.0,-73.96251678,0
2016.0,7.0,17.0,0.0,8.51,229.0,56.0,24.0,0.5,0.5,5.54,0.3,0.0,30.84,2.0,0
2016.0,1.0,1.0,0.0,1.4,40.72937012,1.0,40.74564743,1.0,9.0,0.5,3.09,0.5,0.0,-73.98392487,0
2016.0,1.0,29.0,0.0,1.61,40.75052643,1.0,40.73408127,1.0,9.0,0.5,1.96,0.0,0.0,-73.98933411,0
2016.0,9.0,4.0,0.0,0.9,144.0,148.0,7.0,0.5,0.5,0.0,0.3,1.65,9.95,1.0,0
2016.0,1.0,29.0,0.0,3.32,40.76662064,1.0,40.74729156,1.0,19.0,0.5,1.0,0.0,0.0,-73.99324036,0
2016.0,11.0,1.0,0.0,1.29,164.0,48.0,7.5,0.5,0.5,0.0,0.3,0.0,8.8,2.0,0
2016.0,11.0,1.0,0.0,0.81,100.0,230.0,6.0,0.5,0.5,0.0,0.3,1.82,9.12,1.0,0
2016.0,9.0,4.0,0.0,0.0,170.0,170.0,2.5,0.5,0.5,0.0,0.3,7.0,10.8,1.0,0
2016.0,11.0,1.0,0.0,6.22,79.0,7.0,22.5,0.5,0.5,0.0,0.3,4.76,28.56,1.0,0
2016.0,11.0,1.0,0.0,3.8,148.0,13.0,13.0,0.5,0.5,0.0,0.3,1.0,15.3,1.0,0
2016.0,9.0,4.0,0.0,0.7,230.0,48.0,6.0,0.5,0.5,0.0,0.3,0.0,7.3,2.0,0
2016.0,1.0,1.0,0.0,6.9,40.75601196,1.0,40.71789551,1.0,21.5,0.5,4.56,0.5,0.0,-74.01550293,0
2016.0,11.0,1.0,0.0,0.92,249.0,68.0,6.0,0.5,0.5,0.0,0.3,1.82,9.12,1.0,0
2016.0,1.0,1.0,0.0,7.25,40.75571823,1.0,40.68455124,2.0,26.0,0.5,0.0,0.5,0.0,-73.97881317,0
2016.0,2.0,1.0,0.0,9.52,40.72964096,1.0,40.62136078,2.0,28.5,0.5,0.0,0.5,0.0,-73.98803711,0
2016.0,11.0,1.0,0.0,0.72,79.0,4.0,6.0,0.5,0.5,0.0,0.3,0.0,7.3,2.0,0
2016.0,11.0,1.0,0.0,2.12,68.0,231.0,13.5,0.5,0.5,0.0,0.3,1.0,15.8,1.0,0
2016.0,2.0,1.0,0.0,7.21,40.73043823,1.0,40.76591873,1.0,22.5,0.5,5.95,0.5,0.0,-73.91465759,0
2016.0,7.0,17.0,0.0,5.9,79.0,41.0,18.0,0.5,0.5,0.0,0.3,3.85,23.15,1.0,0
2016.0,1.0,29.0,0.0,0.0,40.77203751,1.0,40.77203369,3.0,2.5,0.5,0.0,0.0,0.0,-73.94992065,0
2016.0,11.0,1.0,0.0,4.36,90.0,262.0,15.5,0.5,0.5,0.0,0.3,3.36,20.16,1.0,0
2016.0,11.0,1.0,0.0,1.8,249.0,170.0,10.0,0.5,0.5,0.0,0.3,2.25,13.55,1.0,0
2016.0,11.0,1.0,0.0,2.7,100.0,79.0,11.5,0.5,0.5,0.0,0.3,2.55,15.35,1.0,0
2016.0,9.0,4.0,0.0,4.38,107.0,239.0,15.0,0.5,0.5,0.0,0.3,0.0,16.3,2.0,0
2016.0,9.0,4.0,0.0,0.73,148.0,45.0,5.5,0.5,0.5,0.0,0.3,0.0,6.8,2.0,0
2016.0,1.0,1.0,0.0,5.0,40.76044846,1.0,40.79938507,2.0,17.5,0.5,0.0,0.5,0.0,-73.93881226,0
2016.0,1.0,1.0,0.0,1.8,40.74240875,1.0,40.72634888,2.0,8.0,0.5,0.0,0.5,0.0,-74.00236511,0
2016.0,7.0,17.0,0.0,8.2,68.0,36.0,26.5,0.5,0.5,0.0,0.3,0.0,27.8,2.0,0
2016.0,9.0,4.0,0.0,1.3,163.0,100.0,6.5,0.5,0.5,0.0,0.3,0.0,7.8,2.0,0
2016.0,9.0,4.0,0.0,0.6,148.0,114.0,5.5,0.5,0.5,0.0,0.3,2.0,8.8,1.0,0
2016.0,7.0,17.0,0.0,3.04,74.0,42.0,11.0,0.5,0.5,0.0,0.3,0.0,12.3,2.0,0
2016.0,7.0,10.0,0.0,1.8,113.0,231.0,8.5,0.0,0.5,0.0,0.3,1.85,11.15,1.0,0
2016.0,1.0,1.0,0.0,3.44,40.78274536,1.0,40.74558258,2.0,21.5,0.5,0.0,0.5,0.0,-73.99375916,0
2016.0,2.0,1.0,0.0,1.98,40.74129868,1.0,40.7219696,2.0,8.5,0.5,0.0,0.5,0.0,-73.99640656,0
2016.0,2.0,1.0,0.0,9.8,40.76997375,1.0,40.76748276,1.0,27.5,0.5,6.85,0.5,5.54,-73.95632935,0
2016.0,2.0,1.0,0.0,3.18,40.76527023,1.0,40.726017,1.0,13.0,0.5,2.86,0.5,0.0,-73.99843597,0
2016.0,7.0,10.0,0.0,3.28,68.0,43.0,13.5,0.0,0.5,0.0,0.3,2.86,17.16,1.0,0
2016.0,11.0,15.0,0.0,1.09,48.0,142.0,6.0,0.5,0.5,0.0,0.3,1.46,8.76,1.0,0
2016.0,9.0,4.0,0.0,2.4,233.0,68.0,13.0,0.5,0.5,0.0,0.3,1.5,15.8,1.0,0
2016.0,11.0,15.0,0.0,2.2,148.0,256.0,8.0,0.5,0.5,0.0,0.3,0.0,9.3,2.0,0
2016.0,11.0,1.0,0.0,2.26,230.0,230.0,12.0,0.5,0.5,0.0,0.3,0.0,13.3,2.0,0
2016.0,9.0,4.0,0.0,1.1,48.0,142.0,6.5,0.5,0.5,0.0,0.3,0.0,7.8,2.0,0
2016.0,1.0,1.0,0.0,2.2,40.71857834,1.0,40.73994446,1.0,11.0,0.5,1.5,0.5,0.0,-74.00513458,0
2016.0,2.0,1.0,0.0,3.5,40.72489929,1.0,40.7187767,1.0,13.5,0.5,4.0,0.5,0.0,-73.95331573,0
2016.0,2.0,1.0,0.0,0.9,40.72665787,1.0,40.73950195,1.0,5.0,0.5,1.25,0.5,0.0,-74.00292206,0
2016.0,1.0,1.0,0.0,1.22,40.76873016,1.0,40.77035904,1.0,6.0,0.5,0.0,0.5,0.0,-73.87529755,0
2016.0,2.0,1.0,0.0,0.78,40.72485352,1.0,40.73249435,1.0,5.0,0.5,0.0,0.5,0.0,-73.98773956,0
2016.0,11.0,1.0,0.0,0.99,79.0,249.0,9.0,0.5,0.5,0.0,0.3,2.58,12.88,1.0,0
2016.0,1.0,1.0,0.0,1.61,40.77116013,1.0,40.75273895,2.0,8.5,0.5,0.0,0.5,0.0,-73.9756012,0
2016.0,7.0,10.0,0.0,1.84,144.0,234.0,7.5,0.0,0.5,0.0,0.3,1.66,9.96,1.0,0
2016.0,1.0,1.0,0.0,1.64,40.78523636,1.0,40.7779808,1.0,8.5,0.5,0.0,0.5,0.0,-73.94556427,0
2016.0,2.0,19.0,0.0,5.2,40.72071838,1.0,40.78392792,1.0,23.0,0.5,3.5,0.5,0.0,-73.95639038,0
2016.0,1.0,1.0,0.0,1.53,40.79764175,1.0,40.78512955,1.0,8.0,0.5,1.86,0.5,0.0,-73.9536972,0
2016.0,11.0,15.0,0.0,1.1,234.0,68.0,6.0,0.5,0.5,0.0,0.3,0.0,7.3,2.0,0
2016.0,1.0,1.0,0.0,1.2,40.71217346,1.0,40.71220016,2.0,7.0,0.5,0.0,0.5,0.0,-73.95133209,0
2016.0,2.0,19.0,0.0,0.5,40.76261902,1.0,40.76929474,1.0,4.0,0.5,1.05,0.5,0.0,-73.95773315,0
2016.0,1.0,1.0,0.0,3.6,40.75671387,1.0,40.75147247,2.0,16.0,0.5,0.0,0.5,0.0,-74.00363159,0
2016.0,7.0,10.0,0.0,1.7,233.0,113.0,10.0,0.0,0.5,0.0,0.3,0.0,10.8,2.0,0
2016.0,9.0,4.0,0.0,1.8,249.0,170.0,9.5,0.5,0.5,0.0,0.3,2.15,12.95,1.0,0
2016.0,9.0,4.0,0.0,0.39,143.0,239.0,3.5,0.5,0.5,0.0,0.3,0.0,4.8,1.0,0
2016.0,7.0,10.0,0.0,0.95,90.0,249.0,5.0,0.0,0.5,0.0,0.3,1.16,6.96,1.0,0
2016.0,9.0,4.0,0.0,2.63,162.0,262.0,9.0,0.5,0.5,0.0,0.3,2.06,12.36,1.0,0
2016.0,2.0,1.0,0.0,3.0,40.73098755,1.0,40.76638794,1.0,10.5,0.5,2.35,0.5,0.0,-73.98557281,0
2016.0,11.0,15.0,0.0,6.1,186.0,181.0,21.5,0.5,0.5,0.0,0.3,4.55,27.35,1.0,0
2016.0,1.0,1.0,0.0,4.3,40.76222229,1.0,40.74314117,2.0,15.5,0.5,0.0,0.5,0.0,-73.89775848,0
2016.0,2.0,19.0,0.0,18.66,40.64672089,2.0,40.78675079,1.0,52.0,0.5,6.0,0.0,5.54,-73.94694519,0
2016.0,1.0,1.0,0.0,3.4,0.0,1.0,0.0,2.0,14.5,0.5,0.0,0.5,0.0,0.0,0
2016.0,9.0,4.0,0.0,3.6,107.0,255.0,14.5,0.5,0.5,0.0,0.3,3.15,18.95,1.0,0
2016.0,11.0,1.0,0.0,0.6,100.0,50.0,5.5,0.5,0.5,0.0,0.3,1.35,8.15,1.0,0
2016.0,7.0,10.0,0.0,9.45,138.0,161.0,28.5,0.0,0.5,5.54,0.3,0.0,34.84,2.0,0
2016.0,9.0,4.0,0.0,5.58,141.0,256.0,21.0,0.5,0.5,0.0,0.3,0.0,22.3,1.0,0
2016.0,7.0,10.0,0.0,0.99,50.0,142.0,8.0,0.0,0.5,0.0,0.3,2.2,11.0,1.0,0
2016.0,11.0,1.0,0.0,0.4,229.0,229.0,3.5,0.5,0.5,0.0,0.3,0.2,5.0,1.0,0
2016.0,9.0,4.0,0.0,1.52,234.0,161.0,6.5,0.5,0.5,0.0,0.3,1.95,9.75,1.0,0
2016.0,7.0,17.0,0.0,0.5,114.0,249.0,4.0,0.5,0.5,0.0,0.3,0.0,5.3,2.0,0
2016.0,7.0,10.0,0.0,1.4,161.0,50.0,8.0,0.0,0.5,0.0,0.3,0.0,8.8,1.0,0
2016.0,11.0,15.0,0.0,0.8,100.0,230.0,5.0,0.5,0.5,0.0,0.3,1.85,8.15,1.0,0
2016.0,9.0,4.0,0.0,4.3,107.0,145.0,16.0,0.5,0.5,0.0,0.3,1.5,18.8,1.0,0
2016.0,11.0,1.0,0.0,2.3,170.0,45.0,12.5,0.5,0.5,0.0,0.3,0.0,13.8,2.0,0
2016.0,11.0,15.0,0.0,4.7,141.0,179.0,16.0,0.5,0.5,0.0,0.3,0.0,17.3,2.0,0
2016.0,11.0,1.0,0.0,3.71,107.0,263.0,13.0,0.5,0.5,0.0,0.3,0.0,14.3,2.0,0
2016.0,9.0,4.0,0.0,2.7,230.0,125.0,13.5,0.5,0.5,0.0,0.3,0.0,14.8,2.0,0
2016.0,2.0,1.0,0.0,0.8,40.74738693,1.0,40.74481201,1.0,5.0,0.5,1.0,0.5,0.0,-73.98693848,0
2016.0,7.0,17.0,0.0,1.0,148.0,224.0,5.0,0.5,0.5,0.0,0.3,1.55,7.85,1.0,0
2016.0,2.0,1.0,0.0,5.38,40.68151855,1.0,40.63312912,2.0,20.5,0.5,0.0,0.5,0.0,-74.03476715,0
2016.0,11.0,1.0,0.0,2.73,161.0,79.0,11.0,0.5,0.5,0.0,0.3,2.46,14.76,1.0,0
2016.0,11.0,1.0,0.0,5.0,48.0,7.0,20.0,0.5,0.5,0.0,0.3,3.2,24.5,1.0,0
2016.0,2.0,1.0,0.0,0.79,40.73253632,1.0,40.7263031,1.0,5.0,0.5,0.94,0.5,0.0,-73.98604584,0
2016.0,1.0,1.0,0.0,1.8,40.7265892,1.0,40.71507263,2.0,9.0,0.5,0.0,0.5,0.0,-74.00948334,0
2016.0,9.0,4.0,0.0,13.77,48.0,26.0,40.5,0.5,0.5,0.0,0.3,0.0,41.8,1.0,0
2016.0,7.0,17.0,0.0,1.74,158.0,211.0,8.0,0.5,0.5,0.0,0.3,1.86,11.16,1.0,0
2016.0,9.0,4.0,0.0,4.2,100.0,7.0,17.5,0.5,0.5,0.0,0.3,0.0,18.8,2.0,0
2016.0,1.0,1.0,0.0,1.3,40.80292892,1.0,40.78598404,2.0,5.5,0.5,0.0,0.5,0.0,-73.94567108,0
2016.0,1.0,1.0,0.0,5.6,40.73323441,1.0,40.69191742,1.0,22.5,0.5,4.75,0.5,0.0,-73.92458344,0
2016.0,9.0,4.0,0.0,7.2,148.0,7.0,25.0,0.5,0.5,0.0,0.3,5.25,31.55,1.0,0
2016.0,11.0,1.0,0.0,0.6,246.0,246.0,4.0,0.5,0.5,0.0,0.3,0.0,5.3,2.0,0
2016.0,2.0,19.0,0.0,1.83,40.78752136,1.0,40.77555084,2.0,9.5,0.5,0.0,0.5,0.0,-73.95046234,0
2016.0,11.0,1.0,0.0,2.06,65.0,211.0,7.5,0.5,0.5,0.0,0.3,0.0,8.8,1.0,0
2016.0,11.0,1.0,0.0,1.18,112.0,255.0,7.5,0.5,0.5,0.0,0.3,1.76,10.56,1.0,0
2016.0,9.0,4.0,0.0,5.0,148.0,145.0,16.0,0.5,0.5,0.0,0.3,3.46,20.76,1.0,0
2016.0,1.0,1.0,0.0,1.9,40.80129242,1.0,40.8229332,2.0,9.0,0.5,0.0,0.5,0.0,-73.95064545,0
2016.0,9.0,4.0,0.0,7.2,230.0,244.0,23.5,0.5,0.5,0.0,0.3,0.0,24.8,2.0,0
2016.0,1.0,1.0,0.0,11.2,40.75771332,1.0,40.70281219,1.0,32.5,0.5,0.0,0.5,0.0,-73.90223694,0
2016.0,11.0,15.0,0.0,4.6,170.0,256.0,18.0,0.5,0.5,0.0,0.3,5.75,25.05,1.0,0
2016.0,9.0,4.0,0.0,0.9,144.0,79.0,6.0,0.5,0.5,0.0,0.3,1.45,8.75,1.0,0
2016.0,9.0,4.0,0.0,3.3,246.0,45.0,14.0,0.5,0.5,0.0,0.3,3.05,18.35,1.0,0
2016.0,1.0,29.0,0.0,1.1,40.75214386,1.0,40.75810623,1.0,9.5,0.5,2.05,0.0,0.0,-73.9728241,0
2016.0,2.0,1.0,0.0,1.5,40.75969315,1.0,40.76162338,2.0,7.5,0.5,0.0,0.5,0.0,-73.97425079,0
2016.0,7.0,10.0,0.0,2.0,107.0,68.0,10.0,0.0,0.5,0.0,0.3,1.0,11.8,1.0,0
2016.0,9.0,4.0,0.0,1.03,148.0,144.0,8.0,0.5,0.5,0.0,0.3,1.86,11.16,1.0,0
2016.0,1.0,1.0,0.0,1.89,40.73961639,1.0,40.72181702,2.0,9.0,0.5,0.0,0.5,0.0,-73.99531555,0
2016.0,11.0,1.0,0.0,3.0,230.0,224.0,12.5,0.5,0.5,0.0,0.3,0.0,13.8,2.0,0
2016.0,7.0,10.0,0.0,0.7,90.0,186.0,4.5,0.0,0.5,0.0,0.3,0.0,5.3,2.0,0
2016.0,1.0,1.0,0.0,5.52,40.74304962,1.0,40.76314163,2.0,19.0,0.5,0.0,0.5,0.0,-73.9134903,0
2016.0,2.0,1.0,0.0,1.8,40.74960327,1.0,40.76078415,2.0,7.5,0.5,0.0,0.5,0.0,-73.90837097,0
2016.0,2.0,1.0,0.0,2.0,40.77127075,1.0,40.74992752,2.0,8.5,0.5,0.0,0.5,0.0,-73.98575592,0
2016.0,1.0,1.0,0.0,1.1,40.73469543,1.0,40.73240662,2.0,7.5,0.5,0.0,0.5,0.0,-73.98184204,0
2016.0,7.0,10.0,0.0,12.88,234.0,14.0,36.5,0.0,0.5,0.0,0.3,7.46,44.76,1.0,0
2016.0,7.0,10.0,0.0,1.4,239.0,237.0,7.0,0.0,0.5,0.0,0.3,1.55,9.35,1.0,0
2016.0,11.0,15.0,0.0,2.3,142.0,41.0,8.5,0.5,0.5,0.0,0.3,1.95,11.75,1.0,0
2016.0,7.0,10.0,0.0,4.4,41.0,229.0,17.0,0.0,0.5,0.0,0.3,3.5,21.3,1.0,0
2016.0,2.0,1.0,0.0,8.72,40.77379608,1.0,40.7665596,1.0,25.0,0.5,7.96,0.5,5.54,-73.95373535,0
2016.0,9.0,4.0,0.0,2.9,144.0,48.0,11.5,0.5,0.5,0.0,0.3,0.0,12.8,2.0,0
2016.0,11.0,1.0,0.0,5.93,229.0,82.0,20.5,0.5,0.5,0.0,0.3,0.0,21.8,2.0,0
2016.0,9.0,4.0,0.0,2.2,90.0,148.0,9.0,0.5,0.5,0.0,0.3,2.5,12.8,1.0,0
2016.0,9.0,4.0,0.0,9.2,230.0,243.0,28.5,0.5,0.5,0.0,0.3,0.0,29.8,2.0,0
2016.0,2.0,19.0,0.0,1.67,40.72801208,1.0,40.72592926,2.0,10.5,0.5,0.0,0.5,0.0,-73.97740936,0
2016.0,1.0,1.0,0.0,3.3,40.74909973,1.0,40.78369141,1.0,12.0,0.5,2.66,0.5,0.0,-73.97364807,0
2016.0,9.0,4.0,0.0,1.63,137.0,229.0,7.0,0.5,0.5,0.0,0.3,1.0,9.3,1.0,0
2016.0,1.0,1.0,0.0,1.0,40.75685883,1.0,40.74861145,1.0,6.0,0.5,1.45,0.5,0.0,-73.97830963,0
2016.0,1.0,1.0,0.0,2.68,40.71841049,1.0,40.74520874,1.0,10.0,0.5,2.0,0.5,0.0,-73.99134827,0
2016.0,11.0,15.0,0.0,5.5,137.0,37.0,18.5,0.5,0.5,0.0,0.3,0.0,19.8,2.0,0
2016.0,2.0,1.0,0.0,0.78,40.77514648,1.0,40.76886368,1.0,5.5,0.5,1.5,0.5,0.0,-73.95835114,0
2016.0,1.0,1.0,0.0,15.64,40.6440506,1.0,40.73073578,2.0,44.0,0.5,0.0,0.5,0.0,-73.94842529,0
2016.0,11.0,1.0,0.0,1.85,162.0,234.0,11.5,0.5,0.5,0.0,0.3,0.0,12.8,2.0,0
2016.0,7.0,10.0,0.0,2.23,239.0,263.0,10.5,0.0,0.5,0.0,0.3,2.26,13.56,1.0,0
2016.0,2.0,1.0,0.0,4.18,40.71746445,1.0,40.68853378,1.0,15.5,0.5,3.36,0.5,0.0,-73.95697021,0
2016.0,1.0,1.0,0.0,11.55,40.65715027,1.0,40.65415955,2.0,36.5,0.5,0.0,0.5,0.0,-73.88738251,0
2016.0,11.0,15.0,0.0,0.85,239.0,238.0,4.5,0.5,0.5,0.0,0.3,0.87,6.67,1.0,0
2016.0,11.0,1.0,0.0,0.67,79.0,148.0,5.0,0.5,0.5,0.0,0.3,1.26,7.56,1.0,0
2016.0,7.0,17.0,0.0,0.2,50.0,50.0,3.0,0.5,0.5,0.0,0.3,0.85,5.15,1.0,0
2016.0,7.0,10.0,0.0,1.72,229.0,43.0,7.5,0.0,0.5,0.0,0.3,1.66,9.96,1.0,0
2016.0,2.0,19.0,0.0,2.0,40.72153854,1.0,40.69762802,2.0,8.5,0.5,0.0,0.5,0.0,-73.98711395,0
2016.0,2.0,1.0,0.0,10.9,40.64710617,1.0,40.6567955,1.0,36.0,0.5,0.0,0.5,0.0,-73.95624542,0
2016.0,2.0,25.0,0.0,0.7,40.76377106,1.0,40.73538971,2.0,5.0,0.5,0.0,0.0,0.0,-73.99201202,0
2016.0,1.0,1.0,0.0,3.21,40.72389603,1.0,40.68840027,2.0,11.5,0.5,0.0,0.5,0.0,-73.99584961,0
2016.0,7.0,17.0,0.0,4.5,88.0,137.0,16.0,0.5,0.5,0.0,0.3,3.45,20.75,1.0,0
2016.0,11.0,1.0,0.0,1.6,217.0,37.0,7.5,0.5,0.5,0.0,0.3,3.0,11.8,1.0,0
2016.0,7.0,10.0,0.0,10.2,138.0,162.0,29.0,0.0,0.5,5.54,0.3,0.0,35.34,2.0,0
2016.0,2.0,1.0,0.0,1.3,40.74373627,1.0,40.74378204,2.0,6.5,0.5,0.0,0.5,0.0,-74.00640106,0
2016.0,9.0,4.0,0.0,10.0,186.0,89.0,31.0,0.5,0.5,0.0,0.3,0.0,32.3,1.0,0
2016.0,9.0,4.0,0.0,0.6,79.0,79.0,4.0,0.5,0.5,0.0,0.3,1.05,6.35,1.0,0
2016.0,11.0,15.0,0.0,1.0,230.0,162.0,6.0,0.5,0.5,0.0,0.3,0.0,7.3,1.0,0
2016.0,7.0,10.0,0.0,3.5,170.0,231.0,13.0,0.0,0.5,0.0,0.3,0.0,13.8,2.0,0
2016.0,7.0,10.0,0.0,11.68,138.0,230.0,34.5,0.0,0.5,5.54,0.3,10.21,51.05,1.0,0
2016.0,11.0,1.0,0.0,1.51,114.0,209.0,7.5,0.5,0.5,0.0,0.3,0.0,8.8,2.0,0
2016.0,11.0,1.0,0.0,3.28,230.0,75.0,11.5,0.5,0.5,0.0,0.3,0.0,12.8,1.0,0
2016.0,2.0,1.0,0.0,8.4,40.70205688,1.0,40.65234375,2.0,25.5,0.5,0.0,0.5,0.0,-73.96052551,0
2016.0,1.0,1.0,0.0,7.04,40.77649689,1.0,40.7091217,1.0,20.5,0.5,5.45,0.5,0.0,-74.00563812,0
2016.0,1.0,29.0,0.0,0.6,40.72400284,1.0,40.71913147,1.0,5.0,0.5,1.0,0.0,0.0,-74.00527191,0
2016.0,2.0,1.0,0.0,12.1,40.7177887,1.0,40.84487152,2.0,34.5,0.5,0.0,0.5,0.0,-73.93504333,0
2016.0,7.0,10.0,0.0,0.64,230.0,230.0,5.0,0.0,0.5,0.0,0.3,1.16,6.96,1.0,0
2016.0,7.0,10.0,0.0,4.05,138.0,93.0,16.5,0.0,0.5,0.0,0.3,4.32,21.62,1.0,0
2016.0,2.0,1.0,0.0,0.6,40.75068283,1.0,40.7532959,2.0,4.0,0.5,0.0,0.5,0.0,-73.96799469,0
2016.0,9.0,4.0,0.0,5.55,166.0,246.0,18.5,0.5,0.5,0.0,0.3,2.0,21.8,1.0,0
2016.0,2.0,1.0,0.0,3.21,40.73931122,1.0,40.77110672,2.0,11.5,0.5,0.0,0.5,0.0,-73.95668793,0
2016.0,2.0,1.0,0.0,1.0,0.0,1.0,0.0,1.0,5.5,0.5,0.0,0.5,0.0,0.0,0
2016.0,2.0,19.0,0.0,1.0,40.75737381,1.0,40.7580719,3.0,2.5,0.5,0.0,0.5,0.0,-73.97323608,0
2016.0,9.0,4.0,0.0,10.3,45.0,41.0,30.0,0.5,0.5,0.0,0.3,6.25,37.55,1.0,0
2016.0,7.0,10.0,0.0,2.59,211.0,170.0,11.5,0.0,0.5,0.0,0.3,0.0,12.3,2.0,0
2016.0,1.0,1.0,0.0,2.25,40.73940659,1.0,40.74438858,1.0,10.5,0.5,2.36,0.5,0.0,-73.97486877,0
2016.0,7.0,10.0,0.0,1.36,43.0,163.0,8.0,0.0,0.5,0.0,0.3,0.0,8.8,1.0,0
2016.0,2.0,1.0,0.0,2.2,40.67805099,1.0,40.65243149,1.0,9.5,0.5,2.15,0.5,0.0,-73.95429993,0
2016.0,11.0,1.0,0.0,0.8,234.0,90.0,6.0,0.5,0.5,0.0,0.3,0.0,7.3,2.0,0
2016.0,9.0,4.0,0.0,4.36,162.0,41.0,15.0,0.5,0.5,0.0,0.3,0.0,16.3,2.0,0
2016.0,2.0,19.0,0.0,2.3,40.73352051,1.0,40.76136398,1.0,11.5,0.5,2.55,0.5,0.0,-73.99002075,0
2016.0,9.0,4.0,0.0,2.39,114.0,233.0,9.5,0.5,0.5,0.0,0.3,2.16,12.96,1.0,0
2016.0,9.0,4.0,0.0,1.38,230.0,137.0,8.0,0.5,0.5,0.0,0.3,1.86,11.16,1.0,0
2016.0,9.0,4.0,0.0,0.84,141.0,229.0,5.0,0.5,0.5,0.0,0.3,0.0,6.3,2.0,0
2016.0,1.0,29.0,0.0,5.41,40.77938843,1.0,40.8412323,1.0,18.0,0.5,4.7,0.0,0.0,-73.9400177,0
2016.0,11.0,15.0,0.0,0.8,137.0,224.0,4.5,0.5,0.5,0.0,0.3,1.0,6.8,1.0,0
2016.0,7.0,10.0,0.0,14.08,50.0,124.0,42.0,0.0,0.5,0.0,0.3,0.0,42.8,2.0,0
2016.0,7.0,17.0,0.0,3.25,249.0,48.0,11.5,0.5,0.5,0.0,0.3,2.56,15.36,1.0,0
2016.0,7.0,10.0,0.0,0.39,90.0,90.0,3.5,0.0,0.5,0.0,0.3,0.0,4.3,2.0,0
2016.0,7.0,10.0,0.0,2.17,237.0,234.0,8.0,0.0,0.5,0.0,0.3,2.2,11.0,1.0,0
2016.0,9.0,4.0,0.0,1.5,186.0,161.0,7.5,0.5,0.5,0.0,0.3,2.0,10.8,1.0,0
2016.0,7.0,10.0,0.0,1.0,264.0,264.0,5.5,0.0,0.5,0.0,0.3,0.0,6.3,2.0,0
2016.0,2.0,1.0,0.0,7.6,40.7436142,1.0,40.82279587,2.0,24.5,0.5,0.0,0.5,0.0,-73.94216156,0
2016.0,11.0,1.0,0.0,1.84,170.0,141.0,7.5,0.5,0.5,0.0,0.3,1.76,10.56,1.0,0
2016.0,2.0,19.0,0.0,12.04,40.64532089,1.0,40.75197983,1.0,35.5,0.5,9.2,0.5,0.0,-73.88317871,0
2016.0,7.0,10.0,0.0,2.13,249.0,161.0,8.0,0.0,0.5,0.0,0.3,2.2,11.0,1.0,0
2016.0,9.0,4.0,0.0,0.6,255.0,256.0,4.5,0.5,0.5,0.0,0.3,1.15,6.95,1.0,0
2016.0,1.0,1.0,0.0,2.5,40.74409103,1.0,40.71276093,2.0,10.5,0.5,0.0,0.5,0.0,-74.00975037,0
2016.0,7.0,10.0,0.0,1.3,186.0,233.0,7.0,0.0,0.5,0.0,0.3,0.0,7.8,2.0,0
2016.0,7.0,10.0,0.0,0.8,143.0,142.0,6.0,0.0,0.5,0.0,0.3,0.0,6.8,2.0,0
2016.0,11.0,1.0,0.0,0.7,237.0,141.0,5.5,0.5,0.5,0.0,0.3,0.0,6.8,2.0,0
2016.0,11.0,15.0,0.0,4.3,264.0,264.0,14.5,0.5,0.5,0.0,0.3,3.15,18.95,1.0,0
2016.0,2.0,1.0,0.0,4.6,40.74744797,1.0,40.77015305,1.0,16.5,0.5,3.55,0.5,0.0,-73.98684692,0
2016.0,2.0,1.0,0.0,3.43,40.72053909,1.0,40.75751114,1.0,14.5,0.5,3.16,0.5,0.0,-73.97148132,0
2016.0,11.0,1.0,0.0,1.97,163.0,43.0,8.5,0.5,0.5,0.0,0.3,1.5,11.3,1.0,0
2016.0,9.0,4.0,0.0,2.49,140.0,239.0,10.0,0.5,0.5,0.0,0.3,0.0,11.3,2.0,0
2016.0,2.0,1.0,0.0,8.2,40.77402878,1.0,40.74858093,1.0,23.5,0.5,5.0,0.5,5.54,-73.9821701,0
2016.0,7.0,10.0,0.0,1.6,141.0,137.0,6.5,0.0,0.5,0.0,0.3,0.0,7.3,2.0,0
2016.0,9.0,4.0,0.0,2.0,114.0,137.0,9.5,0.5,0.5,0.0,0.3,2.16,12.96,1.0,0
2016.0,11.0,15.0,0.0,6.6,148.0,7.0,21.5,0.5,0.5,0.0,0.3,0.0,22.8,3.0,0
2016.0,1.0,29.0,0.0,0.9,40.75600815,1.0,40.75299072,1.0,8.0,0.5,1.75,0.0,0.0,-73.97921753,0
2016.0,7.0,17.0,0.0,2.69,158.0,87.0,11.5,0.5,0.5,0.0,0.3,1.0,13.8,1.0,0
2016.0,1.0,1.0,0.0,1.52,40.7598381,1.0,40.74872208,1.0,8.0,0.5,2.79,0.5,0.0,-73.98751831,0
2016.0,2.0,1.0,0.0,1.96,40.76569748,1.0,40.74438095,1.0,7.5,0.5,1.0,0.5,0.0,-73.97897339,0
2016.0,2.0,1.0,0.0,2.5,40.7353096,1.0,40.75854874,1.0,11.5,0.5,2.56,0.5,0.0,-73.97129822,0
2016.0,11.0,15.0,0.0,1.04,170.0,107.0,5.0,0.5,0.5,0.0,0.3,2.0,8.3,1.0,0
2016.0,7.0,10.0,0.0,2.7,141.0,186.0,11.5,0.0,0.5,0.0,0.3,3.65,15.95,1.0,0
2016.0,1.0,29.0,0.0,1.2,40.7653656,1.0,40.75789261,2.0,8.0,0.5,0.0,0.0,0.0,-73.97076416,0
2016.0,11.0,15.0,0.0,0.63,79.0,4.0,4.0,0.5,0.5,0.0,0.3,0.0,5.3,1.0,0
2016.0,11.0,1.0,0.0,2.7,230.0,68.0,13.5,0.5,0.5,0.0,0.3,2.0,16.8,1.0,0
2016.0,1.0,29.0,0.0,0.69,40.76947021,1.0,40.77423096,1.0,4.5,0.5,0.0,0.0,0.0,-73.96350861,0
2016.0,11.0,15.0,0.0,2.6,170.0,263.0,9.0,0.5,0.5,0.0,0.3,3.05,13.35,1.0,0
2016.0,2.0,1.0,0.0,4.15,40.67713547,1.0,40.71435165,1.0,15.5,0.5,3.36,0.5,0.0,-73.99878693,0
2016.0,2.0,1.0,0.0,1.72,40.74082184,1.0,40.72501373,1.0,8.0,0.5,1.0,0.5,0.0,-73.99485779,0
2016.0,9.0,4.0,0.0,1.45,125.0,261.0,6.5,0.5,0.5,0.0,0.3,0.0,7.8,2.0,0
2016.0,9.0,4.0,0.0,1.02,231.0,114.0,5.5,0.5,0.5,0.0,0.3,0.0,6.8,2.0,0
2016.0,9.0,4.0,0.0,1.32,48.0,162.0,7.0,0.5,0.5,0.0,0.3,0.0,8.3,2.0,0
2016.0,11.0,15.0,0.0,2.91,163.0,145.0,16.0,0.5,0.5,0.0,0.3,0.0,17.3,2.0,0
2016.0,2.0,1.0,0.0,3.6,40.72947311,1.0,40.77330017,1.0,12.5,0.5,2.75,0.5,0.0,-73.95207214,0
2016.0,7.0,10.0,0.0,0.9,246.0,48.0,5.5,0.0,0.5,0.0,0.3,1.25,7.55,1.0,0
2016.0,2.0,1.0,0.0,18.1,40.64469147,2.0,40.76693344,1.0,52.0,0.5,10.55,0.0,0.0,-73.99029541,0
2016.0,9.0,4.0,0.0,10.3,164.0,235.0,31.5,0.5,0.5,0.0,0.3,6.55,39.35,1.0,0
2016.0,11.0,1.0,0.0,5.4,249.0,112.0,23.5,0.5,0.5,0.0,0.3,4.95,29.75,1.0,0
2016.0,9.0,4.0,0.0,2.0,230.0,239.0,9.0,0.5,0.5,0.0,0.3,1.5,11.8,1.0,0
2016.0,2.0,1.0,0.0,5.6,40.7297554,1.0,40.66983414,1.0,20.0,0.5,4.0,0.5,0.0,-73.95132446,0
2016.0,1.0,29.0,0.0,1.2,40.7428093,1.0,40.75741577,2.0,8.0,0.5,0.0,0.0,0.0,-73.98961639,0
2016.0,7.0,10.0,0.0,9.2,138.0,230.0,29.5,0.0,0.5,5.54,0.3,0.0,35.84,2.0,0
2016.0,7.0,10.0,0.0,2.4,170.0,143.0,10.5,0.0,0.5,0.0,0.3,2.25,13.55,1.0,0
2016.0,7.0,10.0,0.0,0.5,262.0,262.0,4.0,0.0,0.5,0.0,0.3,0.95,5.75,1.0,0
2016.0,9.0,4.0,0.0,14.05,113.0,14.0,40.0,0.5,0.5,0.0,0.3,2.0,43.3,1.0,0
2016.0,11.0,1.0,0.0,5.02,48.0,116.0,17.5,0.5,0.5,0.0,0.3,0.0,18.8,2.0,0
2016.0,7.0,17.0,0.0,1.8,229.0,170.0,9.5,0.5,0.5,0.0,0.3,2.7,13.5,1.0,0
2016.0,11.0,1.0,0.0,1.1,79.0,137.0,7.0,0.5,0.5,0.0,0.3,1.65,9.95,1.0,0
2016.0,2.0,19.0,0.0,3.92,40.75538635,1.0,40.79711151,2.0,14.5,0.5,0.0,0.5,0.0,-73.9699173,0
2016.0,1.0,1.0,0.0,1.2,40.72039032,1.0,40.70816803,1.0,6.0,0.5,1.45,0.5,0.0,-74.00337219,0
2016.0,1.0,1.0,0.0,1.3,40.74225235,1.0,40.73819733,1.0,8.5,0.5,1.0,0.5,0.0,-73.98422241,0
2016.0,11.0,1.0,0.0,0.0,264.0,177.0,37.8,0.0,0.0,0.0,0.3,0.0,38.1,2.0,0
2016.0,9.0,4.0,0.0,2.1,158.0,148.0,12.0,0.5,0.5,0.0,0.3,1.0,14.3,1.0,0
2016.0,11.0,15.0,0.0,2.1,148.0,164.0,10.0,0.5,0.5,0.0,0.3,2.25,13.55,1.0,0
2016.0,11.0,1.0,0.0,6.49,264.0,264.0,20.0,0.5,0.5,0.0,0.3,0.0,21.3,2.0,0
2016.0,9.0,4.0,0.0,4.2,246.0,24.0,13.0,0.5,0.5,0.0,0.3,2.57,16.87,1.0,0
2016.0,11.0,15.0,0.0,10.8,100.0,136.0,31.5,0.5,0.5,0.0,0.3,0.0,32.8,2.0,0
2016.0,1.0,1.0,0.0,1.4,40.78367615,1.0,40.77344131,1.0,7.0,0.5,2.45,0.5,0.0,-73.95558929,0
2016.0,11.0,1.0,0.0,17.74,132.0,48.0,52.0,0.0,0.5,5.54,0.3,11.67,70.01,1.0,0
2016.0,11.0,1.0,0.0,1.72,244.0,247.0,7.5,0.5,0.5,0.0,0.3,0.0,8.8,2.0,0
2016.0,9.0,4.0,0.0,0.6,100.0,170.0,4.5,0.5,0.5,0.0,0.3,0.0,5.8,2.0,0
2016.0,11.0,1.0,0.0,2.43,249.0,13.0,10.0,0.5,0.5,0.0,0.3,2.0,13.3,1.0,0
2016.0,1.0,29.0,0.0,3.92,40.68672943,1.0,40.71446991,2.0,15.5,0.5,0.0,0.0,0.0,-74.01582336,0
2016.0,2.0,19.0,0.0,1.0,40.73350143,1.0,40.74303818,2.0,6.5,0.5,0.0,0.5,0.0,-73.99276733,0
2016.0,1.0,1.0,0.0,2.7,40.71913147,1.0,40.74988937,1.0,16.0,0.5,1.5,0.5,0.0,-73.98757935,0
2016.0,7.0,10.0,0.0,0.7,238.0,239.0,4.5,0.0,0.5,0.0,0.3,0.0,5.3,2.0,0
2016.0,2.0,1.0,0.0,3.6,40.64865112,1.0,40.66646576,2.0,12.0,0.5,0.0,0.5,0.0,-73.78243256,0
2016.0,7.0,10.0,0.0,18.2,132.0,230.0,52.0,0.0,0.5,5.54,0.3,11.65,69.99,1.0,0
2016.0,7.0,10.0,0.0,0.85,233.0,170.0,5.0,0.0,0.5,0.0,0.3,0.5,6.3,1.0,0
2016.0,1.0,1.0,0.0,5.1,40.79679871,1.0,40.74923706,2.0,17.0,0.5,0.0,0.5,0.0,-74.0022049,0
2016.0,11.0,1.0,0.0,8.92,140.0,225.0,27.5,0.5,0.5,0.0,0.3,2.2,31.0,1.0,0
2016.0,11.0,1.0,0.0,1.3,137.0,100.0,7.0,0.5,0.5,0.0,0.3,0.0,8.3,1.0,0
2016.0,11.0,1.0,0.0,0.6,249.0,158.0,5.0,0.5,0.5,0.0,0.3,1.0,7.3,1.0,0
2016.0,11.0,1.0,0.0,2.04,79.0,249.0,17.0,0.5,0.5,0.0,0.3,0.0,18.3,1.0,0
2016.0,11.0,1.0,0.0,0.8,170.0,170.0,5.5,0.5,0.5,0.0,0.3,1.35,8.15,1.0,0
2016.0,2.0,19.0,0.0,1.71,40.76198196,1.0,40.74601364,1.0,8.5,0.5,1.5,0.5,0.0,-74.00047302,0
2016.0,1.0,1.0,0.0,0.8,40.76019669,1.0,40.75374222,2.0,7.0,0.5,0.0,0.5,0.0,-73.97485352,0
2016.0,2.0,1.0,0.0,2.7,40.78974915,1.0,40.81755829,2.0,10.0,0.5,0.0,0.5,0.0,-73.95323944,0
2016.0,11.0,1.0,0.0,1.2,79.0,170.0,6.5,0.5,0.5,0.0,0.3,1.55,9.35,1.0,0
2016.0,1.0,1.0,0.0,2.7,40.73083878,1.0,40.70491791,2.0,11.0,0.5,0.0,0.5,0.0,-74.0172348,0
2016.0,2.0,1.0,0.0,1.3,40.78154755,1.0,40.7985611,1.0,5.5,0.5,2.0,0.5,0.0,-73.93952179,0
2016.0,1.0,1.0,0.0,1.92,40.79536057,1.0,40.7731514,2.0,7.5,0.5,0.0,0.5,0.0,-73.97837067,0
2016.0,11.0,1.0,0.0,4.91,48.0,179.0,16.5,0.5,0.5,0.0,0.3,3.56,21.36,1.0,0
2016.0,1.0,1.0,0.0,2.56,40.77611923,1.0,40.80675507,1.0,10.5,0.5,2.36,0.5,0.0,-73.96468353,0
2016.0,1.0,1.0,0.0,9.63,40.71915817,1.0,40.82918167,1.0,27.0,0.5,8.49,0.5,0.0,-73.93882751,0
2016.0,7.0,10.0,0.0,1.56,48.0,233.0,8.5,0.0,0.5,0.0,0.3,1.0,10.3,1.0,0
2016.0,2.0,19.0,0.0,0.71,40.7384758,1.0,40.73634338,2.0,5.0,0.5,0.0,0.5,0.0,-74.00827789,0
2016.0,2.0,19.0,0.0,14.76,40.64508057,1.0,40.6039505,1.0,40.5,0.5,0.0,0.5,0.0,-73.91120148,0
2016.0,2.0,1.0,0.0,3.01,40.72493362,1.0,40.75801086,1.0,11.5,0.5,2.56,0.5,0.0,-73.96334076,0
2016.0,7.0,10.0,0.0,2.2,137.0,43.0,10.5,0.0,0.5,0.0,0.3,0.0,11.3,2.0,0
2016.0,11.0,1.0,0.0,7.95,230.0,129.0,25.0,0.5,0.5,0.0,0.3,7.89,34.19,1.0,0
2016.0,11.0,1.0,0.0,2.55,249.0,142.0,13.0,0.5,0.5,0.0,0.3,2.86,17.16,1.0,0
2016.0,1.0,1.0,0.0,1.3,40.7399559,1.0,40.72943497,2.0,7.0,0.5,0.0,0.5,0.0,-73.98983765,0
2016.0,1.0,1.0,0.0,0.3,40.75758743,1.0,40.75434875,1.0,3.5,0.5,1.2,0.5,0.0,-73.96577454,0
2016.0,11.0,15.0,0.0,1.27,233.0,186.0,6.5,0.5,0.5,0.0,0.3,2.0,9.8,1.0,0
2016.0,1.0,1.0,0.0,1.28,40.76723862,1.0,40.75426102,2.0,11.5,0.5,0.0,0.5,0.0,-73.97859955,0
2016.0,1.0,29.0,0.0,0.79,40.73525238,1.0,40.73636627,2.0,7.5,0.5,0.0,0.0,0.0,-73.98124695,0
2016.0,7.0,17.0,0.0,1.57,163.0,141.0,6.5,0.5,0.5,0.0,0.3,1.95,9.75,1.0,0
2016.0,2.0,1.0,0.0,0.8,40.76427841,1.0,40.75709152,1.0,5.0,0.5,1.25,0.5,0.0,-73.97174835,0
2016.0,1.0,1.0,0.0,1.65,40.80104065,1.0,40.81517029,2.0,7.5,0.5,0.0,0.5,0.0,-73.94747925,0
2016.0,11.0,1.0,0.0,1.6,229.0,263.0,7.5,0.5,0.5,0.0,0.3,2.6,11.4,1.0,0
2016.0,7.0,17.0,0.0,1.35,234.0,170.0,6.5,0.5,0.5,0.0,0.3,0.0,7.8,2.0,0
2016.0,7.0,10.0,0.0,1.9,239.0,237.0,9.5,0.0,0.5,0.0,0.3,1.55,11.85,1.0,0
2016.0,9.0,4.0,0.0,12.0,234.0,85.0,36.0,0.5,0.5,0.0,0.3,0.0,37.3,2.0,0
2016.0,9.0,4.0,0.0,3.9,249.0,143.0,14.5,0.5,0.5,0.0,0.3,3.16,18.96,1.0,0
2016.0,11.0,1.0,0.0,4.71,87.0,170.0,16.0,0.5,0.5,0.0,0.3,3.46,20.76,1.0,0
2016.0,1.0,1.0,0.0,1.5,40.7306366,1.0,40.72621155,1.0,10.0,0.5,3.35,0.5,0.0,-73.98042297,0
2016.0,2.0,1.0,0.0,3.9,40.72543335,1.0,40.76603699,1.0,14.5,0.5,3.15,0.5,0.0,-73.95181274,0
2016.0,9.0,4.0,0.0,1.1,48.0,163.0,6.5,0.5,0.5,0.0,0.3,0.0,7.8,2.0,0
2016.0,11.0,15.0,0.0,3.04,48.0,141.0,11.5,0.5,0.5,0.0,0.3,1.0,13.8,1.0,0
2016.0,11.0,1.0,0.0,3.86,229.0,79.0,15.0,0.5,0.5,0.0,0.3,0.0,16.3,2.0,0
2016.0,2.0,1.0,0.0,2.2,40.75078201,1.0,40.72733688,2.0,9.5,0.5,0.0,0.5,0.0,-73.99019623,0
2016.0,9.0,4.0,0.0,1.53,79.0,234.0,8.5,0.5,0.5,0.0,0.3,0.0,9.8,2.0,0
2016.0,9.0,4.0,0.0,4.2,48.0,146.0,15.0,0.5,0.5,0.0,0.3,0.0,16.3,2.0,0
2016.0,11.0,1.0,0.0,2.12,230.0,68.0,10.5,0.5,0.5,0.0,0.3,0.0,11.8,2.0,0
2016.0,11.0,1.0,0.0,6.89,48.0,217.0,24.5,0.5,0.5,0.0,0.3,0.0,25.8,2.0,0
2016.0,9.0,4.0,0.0,9.19,255.0,89.0,27.0,0.5,0.5,0.0,0.3,5.66,35.91,1.0,0
2016.0,1.0,29.0,0.0,0.9,0.0,1.0,0.0,1.0,6.5,0.5,1.45,0.0,0.0,0.0,0
2016.0,9.0,4.0,0.0,1.44,230.0,170.0,7.5,0.5,0.5,0.0,0.3,0.0,8.8,2.0,0
2016.0,7.0,17.0,0.0,8.26,158.0,61.0,27.5,0.5,0.5,0.0,0.3,4.0,32.8,1.0,0
2016.0,1.0,1.0,0.0,4.0,40.78807449,1.0,40.74725723,1.0,14.5,0.5,1.0,0.5,0.0,-73.98552704,0
2016.0,2.0,1.0,0.0,4.69,40.71900558,1.0,40.68888474,2.0,16.0,0.5,0.0,0.5,0.0,-73.94709015,0
2016.0,1.0,1.0,0.0,1.17,40.77501678,1.0,40.77880096,2.0,6.0,0.5,0.0,0.5,0.0,-73.95174408,0
2016.0,2.0,1.0,0.0,1.1,40.78819656,1.0,40.77218628,1.0,6.0,0.5,1.5,0.5,0.0,-73.98213959,0
2016.0,2.0,19.0,0.0,1.04,40.74502182,1.0,40.74912643,1.0,6.0,0.5,1.82,0.5,0.0,-73.978302,0
2016.0,9.0,4.0,0.0,2.9,158.0,162.0,12.0,0.5,0.5,0.0,0.3,0.0,13.3,2.0,0
2016.0,1.0,29.0,0.0,1.48,40.74451065,1.0,40.75926971,1.0,8.5,0.5,1.0,0.0,0.0,-73.97112274,0
2016.0,7.0,10.0,0.0,0.53,264.0,264.0,4.0,0.0,0.5,0.0,0.3,0.96,5.76,1.0,0
2016.0,7.0,10.0,0.0,0.9,261.0,231.0,4.5,0.0,0.5,0.0,0.3,1.05,6.35,1.0,0
2016.0,2.0,1.0,0.0,1.26,40.7491951,1.0,40.76046753,1.0,6.5,0.5,1.2,0.5,0.0,-73.99333954,0
2016.0,11.0,1.0,0.0,2.55,186.0,231.0,11.5,1.0,0.5,0.0,0.3,0.0,13.3,1.0,0
2016.0,2.0,1.0,0.0,0.33,40.7312088,1.0,40.73068237,2.0,3.5,0.5,0.0,0.5,0.0,-73.99562073,0
2016.0,9.0,4.0,0.0,0.5,263.0,236.0,4.0,0.5,0.5,0.0,0.3,1.32,6.62,1.0,0
2016.0,7.0,17.0,0.0,2.74,162.0,145.0,11.5,0.5,0.5,0.0,0.3,8.5,21.3,1.0,0
2016.0,1.0,1.0,0.0,2.15,40.75228119,1.0,40.76807022,1.0,13.0,0.5,2.86,0.5,0.0,-73.95682526,0
2016.0,7.0,10.0,0.0,1.47,140.0,142.0,7.0,0.0,0.5,0.0,0.3,1.0,8.8,1.0,0
2016.0,2.0,19.0,0.0,3.0,40.79190826,1.0,40.82262039,2.0,13.5,0.5,0.0,0.5,0.0,-73.915802,0
2016.0,2.0,19.0,0.0,0.4,40.75544357,1.0,40.75953293,2.0,7.0,0.5,0.0,0.5,0.0,-73.98558807,0
2016.0,1.0,29.0,0.0,4.89,40.74522018,1.0,40.80737686,1.0,24.5,0.5,1.1,0.0,0.0,-73.96426392,0
2016.0,1.0,1.0,0.0,0.37,40.73765945,1.0,40.73498154,2.0,3.5,0.5,0.0,0.5,0.0,-73.99124146,0
2016.0,11.0,1.0,0.0,0.54,113.0,79.0,4.5,0.5,0.5,0.0,0.3,0.0,5.8,2.0,0
2016.0,1.0,29.0,0.0,0.6,40.7492485,1.0,40.74381256,1.0,7.0,0.5,1.56,0.0,0.0,-73.98931122,0
2016.0,2.0,1.0,0.0,2.06,40.73891449,1.0,40.75688171,1.0,9.0,0.5,0.0,0.5,0.0,-73.99017334,0
2016.0,2.0,1.0,0.0,0.2,40.77182007,1.0,40.77344131,2.0,3.5,0.5,0.0,0.5,0.0,-73.95740509,0
2016.0,9.0,4.0,0.0,2.0,114.0,234.0,10.5,0.5,0.5,0.0,0.3,0.0,11.8,2.0,0
2016.0,7.0,10.0,0.0,1.34,142.0,163.0,6.0,0.0,0.5,0.0,0.3,1.36,8.16,1.0,0
2016.0,1.0,1.0,0.0,2.34,40.75148392,1.0,40.76491547,2.0,9.5,0.5,0.0,0.5,0.0,-73.97251129,0
2016.0,11.0,1.0,0.0,2.96,113.0,229.0,12.5,0.5,0.5,0.0,0.3,2.76,16.56,1.0,0
2016.0,7.0,10.0,0.0,0.84,231.0,45.0,6.5,0.0,0.5,0.0,0.3,1.46,8.76,1.0,0
2016.0,9.0,4.0,0.0,2.64,158.0,148.0,10.0,0.5,0.5,0.0,0.3,0.0,11.3,1.0,0
2016.0,11.0,15.0,0.0,1.0,148.0,79.0,6.0,0.5,0.5,0.0,0.3,1.45,8.75,1.0,0
2016.0,9.0,4.0,0.0,1.02,264.0,264.0,7.0,0.5,0.5,0.0,0.3,1.66,9.96,1.0,0
2016.0,1.0,1.0,0.0,0.32,40.75162125,1.0,40.75608826,1.0,7.0,0.5,0.0,0.5,0.0,-73.99086761,0
2016.0,9.0,4.0,0.0,1.1,234.0,233.0,6.5,0.5,0.5,0.0,0.3,1.0,8.8,1.0,0
2016.0,7.0,10.0,0.0,1.24,90.0,137.0,6.5,0.0,0.5,0.0,0.3,0.0,7.3,2.0,0
2016.0,9.0,4.0,0.0,2.4,68.0,144.0,11.5,0.5,0.5,0.0,0.3,0.0,12.8,2.0,0
