pickup_year,pickup_month,pickup_day,trip_distance,RatecodeID,pickup_location,dropoff_location,fare_amount,extra,mta_tax,tolls_amount,improvement_surcharge,tip_amount,total_amount,payment_type,
2016,7,10,0.5,1,263,236,4.5,1,0.5,0,0.3,2.7,9,1,
2016,7,10,1.34,1,142,163,6,0,0.5,0,0.3,1.36,8.16,1,
2016,7,10,9.48,1,74,66,27,0,0.5,0,0.3,0,27.8,1,
2016,7,10,1,1,264,264,5.5,0,0.5,0,0.3,0,6.3,2,
2016,7,10,0.9,1,48,68,5.5,0,0.5,0,0.3,0,6.3,2,
2016,7,10,0.9,1,161,142,6,0,0.5,0,0.3,1,7.8,1,
2016,7,10,1.07,1,144,231,5.5,0,0.5,0,0.3,0,6.3,2,
2016,7,10,7.44,1,226,261,23,0,0.5,0,0.3,4.76,28.56,1,
2016,7,10,0.87,1,261,87,6,0,0.5,0,0.3,1,7.8,1,
2016,7,10,3.02,1,263,164,11.5,0,0.5,0,0.3,2.46,14.76,1,
2016,7,10,3.56,1,236,186,15.5,0,0.5,0,0.3,3.26,19.56,1,
2016,7,10,13.13,1,138,114,38.5,0,0.5,5.54,0.3,0,44.84,2,
2016,7,10,9.6,1,138,164,32,0,0.5,5.54,0.3,9.58,47.92,1,
2016,7,10,11.9,1,138,113,45,0,0.5,5.54,0.3,12.84,64.18,1,
2016,7,10,8.73,1,138,236,25.5,0,0.5,5.54,0.3,9.55,41.39,1,
2016,7,10,0.78,1,229,161,5.5,0,0.5,0,0.3,0,6.3,2,
2016,7,10,1.7,1,144,170,8,0,0.5,0,0.3,1,9.8,1,
2016,7,10,1.28,1,79,249,6.5,0,0.5,0,0.3,1.5,8.8,1,
2016,7,10,1.05,1,170,186,7.5,0,0.5,0,0.3,0,8.3,2,
2016,7,10,2.21,1,161,43,9,0,0.5,0,0.3,1.96,11.76,1,
2016,7,10,0.61,1,113,211,4.5,0,0.5,0,0.3,0,5.3,2,
2016,7,10,2.6,1,148,186,10.5,0,0.5,0,0.3,1,12.3,1,
2016,7,10,1.2,1,246,164,7,0,0.5,0,0.3,0,7.8,2,
2016,7,10,1.9,1,170,114,8.5,0,0.5,0,0.3,0,9.3,1,
2016,7,10,0.3,1,107,107,3,0,0.5,0,0.3,0,3.8,2,
2016,7,10,2.3,1,158,230,10,0,0.5,0,0.3,2.15,12.95,1,
2016,7,10,2.13,1,249,161,8,0,0.5,0,0.3,2.2,11,1,
2016,7,10,1.72,1,229,43,7.5,0,0.5,0,0.3,1.66,9.96,1,
2016,7,10,0.7,1,238,239,4.5,0,0.5,0,0.3,0,5.3,2,
2016,7,10,1.6,1,141,137,6.5,0,0.5,0,0.3,0,7.3,2,
2016,7,10,1.9,1,239,237,9.5,0,0.5,0,0.3,1.55,11.85,1,
2016,7,10,10.2,1,138,162,29,0,0.5,5.54,0.3,0,35.34,2,
2016,7,10,0.76,1,142,43,5,0,0.5,0,0.3,0,5.8,2,
2016,7,10,0.9,1,261,231,4.5,0,0.5,0,0.3,1.05,6.35,1,
2016,7,10,4.1,1,143,145,16,0,0.5,0,0.3,0,16.8,2,
2016,7,10,1.6,1,141,162,7.5,0,0.5,0,0.3,1.65,9.95,1,
2016,7,10,11.68,1,138,230,34.5,0,0.5,5.54,0.3,10.21,51.05,1,
2016,7,10,1.21,1,233,140,6.5,0,0.5,0,0.3,0,7.3,1,
2016,7,10,3.09,1,236,186,13.5,0,0.5,0,0.3,2.86,17.16,1,
2016,7,10,4.7,1,255,170,18,0,0.5,0,0.3,3.75,22.55,1,
2016,7,10,0.97,1,249,186,6,0,0.5,0,0.3,0,6.8,2,
2016,7,10,1.62,1,186,246,9,0,0.5,0,0.3,0,9.8,2,
2016,7,10,1.75,1,90,230,8,0,0.5,0,0.3,0,8.8,2,
2016,7,10,1.7,1,233,113,10,0,0.5,0,0.3,0,10.8,2,
2016,7,10,2.49,1,186,211,10.5,0,0.5,0,0.3,0,11.3,2,
2016,7,10,1.4,1,161,50,8,0,0.5,0,0.3,0,8.8,1,
2016,7,10,1.34,1,186,158,6.5,0,0.5,0,0.3,0,7.3,2,
2016,7,10,1.93,1,224,186,9.5,0,0.5,0,0.3,0,10.3,2,
2016,7,10,1.5,1,143,237,8,0,0.5,0,0.3,1.75,10.55,1,
2016,7,10,3.7,1,230,231,15,0,0.5,0,0.3,0,15.8,2,
2016,7,10,0.99,1,50,142,8,0,0.5,0,0.3,2.2,11,1,
2016,7,10,1.03,1,43,142,6,0,0.5,0,0.3,0,6.8,2,
2016,7,10,2,1,90,4,9.5,0,0.5,0,0.3,0,10.3,2,
2016,7,10,2.3,1,142,236,9.5,0,0.5,0,0.3,2.05,12.35,1,
2016,7,10,4.4,1,41,229,17,0,0.5,0,0.3,3.5,21.3,1,
2016,7,10,0.7,1,90,186,4.5,0,0.5,0,0.3,0,5.3,2,
2016,7,10,0.6,1,236,75,5,0,0.5,0,0.3,0,5.8,2,
2016,7,10,1.18,1,113,158,7.5,0,0.5,0,0.3,1.66,9.96,1,
2016,7,10,0.84,1,231,45,6.5,0,0.5,0,0.3,1.46,8.76,1,
2016,7,10,1.44,1,186,158,7.5,0,0.5,0,0.3,1.66,9.96,1,
2016,7,10,0.53,1,264,264,4,0,0.5,0,0.3,0.96,5.76,1,
2016,7,10,2.79,1,141,100,12,0,0.5,0,0.3,0,12.8,2,
2016,7,10,0.5,1,262,262,4.5,0,0.5,0,0.3,1.05,6.35,1,
2016,7,10,2.26,1,230,236,8.5,0,0.5,0,0.3,1.86,11.16,1,
2016,7,10,4.05,1,138,93,16.5,0,0.5,0,0.3,4.32,21.62,1,
2016,7,10,12.88,1,234,14,36.5,0,0.5,0,0.3,7.46,44.76,1,
2016,7,10,6.7,1,87,229,21.5,0,0.5,0,0.3,4.45,26.75,1,
2016,7,10,3.97,1,75,48,15,0,0.5,0,0.3,3.16,18.96,1,
2016,7,10,1.47,1,140,142,7,0,0.5,0,0.3,1,8.8,1,
2016,7,10,1,1,163,48,6,0,0.5,0,0.3,2.5,9.3,1,
2016,7,10,0.95,1,90,249,5,0,0.5,0,0.3,1.16,6.96,1,
2016,7,10,9.45,1,138,161,28.5,0,0.5,5.54,0.3,0,34.84,2,
2016,7,10,1.51,1,238,142,8,0,0.5,0,0.3,1,9.8,1,
2016,7,10,1.98,1,161,48,11.5,0,0.5,0,0.3,3.08,15.38,1,
2016,7,10,1.91,1,114,137,9,0,0.5,0,0.3,1,10.8,1,
2016,7,10,2.7,1,141,186,11.5,0,0.5,0,0.3,3.65,15.95,1,
2016,7,10,1.8,1,263,162,9.5,0,0.5,0,0.3,2.05,12.35,1,
2016,7,10,6.39,1,262,114,21,0,0.5,0,0.3,4.36,26.16,1,
2016,7,10,12.4,1,132,171,36.5,0,0.5,0,0.3,0,37.3,2,
2016,7,10,2.94,1,263,143,11.5,0,0.5,0,0.3,2.46,14.76,1,
2016,7,10,2.61,1,66,125,10.5,0,0.5,0,0.3,2.26,13.56,1,
2016,7,10,3.5,1,170,231,13,0,0.5,0,0.3,0,13.8,2,
2016,7,10,1.6,1,113,148,9,0,0.5,0,0.3,0,9.8,2,
2016,7,10,2.9,1,238,237,13,0,0.5,0,0.3,2.75,16.55,1,
2016,7,10,0.7,1,162,141,4,0,0.5,0,0.3,0.96,5.76,1,
2016,7,10,1,1,68,100,6.5,0,0.5,0,0.3,1.45,8.75,1,
2016,7,10,1.3,1,79,234,8,0,0.5,0,0.3,1.75,10.55,1,
2016,7,10,17.58,2,132,107,52,0,0.5,5.54,0.3,11.67,70.01,1,
2016,7,10,1.1,1,68,114,7,0,0.5,0,0.3,0,7.8,2,
2016,7,10,11.2,1,138,230,35,0,0.5,5.54,0.3,6,47.34,1,
2016,7,10,1.71,1,113,161,7,0,0.5,0,0.3,1.2,9,1,
2016,7,10,1.26,1,142,238,6.5,0,0.5,0,0.3,0,7.3,2,
2016,7,10,0.4,1,48,48,3.5,0,0.5,0,0.3,0.86,5.16,1,
2016,7,10,1.1,1,79,232,6.5,0,0.5,0,0.3,0,7.3,2,
2016,7,10,2.08,1,137,140,8,0,0.5,0,0.3,2.2,11,1,
2016,7,10,1.15,1,162,186,7,0,0.5,0,0.3,0,7.8,2,
2016,7,10,0.82,1,249,113,6,0,0.5,0,0.3,1.36,8.16,1,
2016,7,10,1.3,1,186,233,7,0,0.5,0,0.3,0,7.8,2,
2016,7,10,1.9,1,151,142,7.5,0,0.5,0,0.3,0,8.3,1,
2016,7,10,1.56,1,48,233,8.5,0,0.5,0,0.3,1,10.3,1,
2016,7,10,0.7,1,231,231,5.5,0,0.5,0,0.3,0,6.3,2,
2016,7,10,0.9,1,48,161,6.5,0,0.5,0,0.3,0,7.3,2,
2016,7,10,3.28,1,68,43,13.5,0,0.5,0,0.3,2.86,17.16,1,
2016,7,10,1.35,1,234,186,8.5,0,0.5,0,0.3,0,9.3,2,
2016,7,10,1.3,1,137,100,7,0,0.5,0,0.3,1.56,9.36,1,
2016,7,10,2,1,107,68,10,0,0.5,0,0.3,1,11.8,1,
2016,7,10,1.11,1,68,100,5,0,0.5,0,0.3,1.45,7.25,1,
2016,7,10,14.08,1,50,124,42,0,0.5,0,0.3,0,42.8,2,
2016,7,10,6,1,161,88,19,0,0.5,0,0.3,3.95,23.75,1,
2016,7,10,0.4,1,233,170,5,0,0.5,0,0.3,0,5.8,2,
2016,7,10,0.5,1,262,262,4,0,0.5,0,0.3,0.95,5.75,1,
2016,7,10,1.23,1,236,239,6.5,0,0.5,0,0.3,0,7.3,1,
2016,7,10,8.8,1,138,48,27.5,0,0.5,5.54,0.3,0,33.84,2,
2016,7,10,6.33,1,236,148,21,0,0.5,0,0.3,4.36,26.16,1,
2016,7,10,4.7,1,66,186,16,0,0.5,0,0.3,4.2,21,1,
2016,7,10,0.84,1,163,237,5.5,0,0.5,0,0.3,0,6.3,2,
2016,7,10,2.46,1,161,158,11,0,0.5,0,0.3,2.36,14.16,1,
2016,7,10,0.85,1,233,170,5,0,0.5,0,0.3,0.5,6.3,1,
2016,7,10,0.64,1,230,230,5,0,0.5,0,0.3,1.16,6.96,1,
2016,7,10,1.07,1,161,100,6,0,0.5,0,0.3,1.7,8.5,1,
2016,7,10,2.69,1,231,100,10.5,0,0.5,0,0.3,2.26,13.56,1,
2016,7,10,1.22,1,170,229,6,0,0.5,0,0.3,1.36,8.16,1,
2016,7,10,3.5,1,166,163,13.5,0,0.5,0,0.3,3.5,17.8,1,
2016,7,10,2.28,1,142,170,9.5,0,0.5,0,0.3,0,10.3,2,
2016,7,10,1.89,1,166,151,8.5,0,0.5,0,0.3,0,9.3,2,
2016,7,10,0.9,1,246,48,5.5,0,0.5,0,0.3,1.25,7.55,1,
2016,7,10,1.43,1,87,211,7,0,0.5,0,0.3,1.95,9.75,1,
2016,7,10,2.59,1,211,170,11.5,0,0.5,0,0.3,0,12.3,2,
2016,7,10,0.63,1,234,113,4,0,0.5,0,0.3,1,5.8,1,
2016,7,10,1.24,1,90,137,6.5,0,0.5,0,0.3,0,7.3,2,
2016,7,10,2,1,114,90,8,0,0.5,0,0.3,2,10.8,1,
2016,7,10,3.1,1,236,48,12,0,0.5,0,0.3,0,12.8,2,
2016,7,10,1.1,1,261,12,7,0,0.5,0,0.3,1.2,9,1,
2016,7,10,2.23,1,239,263,10.5,0,0.5,0,0.3,2.26,13.56,1,
2016,7,10,3.2,1,90,13,12,0,0.5,0,0.3,2.55,15.35,1,
2016,7,10,0.8,1,75,236,5,0,0.5,0,0.3,1,6.8,1,
2016,7,10,2.2,1,137,43,10.5,0,0.5,0,0.3,0,11.3,2,
2016,7,10,1.36,1,43,163,8,0,0.5,0,0.3,0,8.8,1,
2016,7,10,1.06,1,246,68,6,0,0.5,0,0.3,0,6.8,2,
2016,7,10,2.6,1,164,50,13.5,0,0.5,0,0.3,0,14.3,2,
2016,7,10,2.4,1,170,143,10.5,0,0.5,0,0.3,2.25,13.55,1,
2016,7,10,1.2,1,90,246,7.5,0,0.5,0,0.3,1.65,9.95,1,
2016,7,10,22.3,2,132,50,52,0,0.5,5.54,0.3,8,66.34,1,
2016,7,10,0,1,193,7,2.5,0,0.5,0,0.3,0,3.3,1,
2016,7,10,5.03,1,13,142,19,0,0.5,0,0.3,0,19.8,2,
2016,7,10,2.22,1,256,148,10,0,0.5,0,0.3,0,10.8,2,
2016,7,10,2.17,1,237,234,8,0,0.5,0,0.3,2.2,11,1,
2016,7,10,0.63,1,237,237,5,0,0.5,0,0.3,0,5.8,2,
2016,7,10,1.4,1,239,237,7,0,0.5,0,0.3,1.55,9.35,1,
2016,7,10,9.2,1,138,230,29.5,0,0.5,5.54,0.3,0,35.84,2,
2016,7,10,7,1,181,256,24,0,0.5,0,0.3,2.5,27.3,1,
2016,7,10,2.47,1,113,161,10.5,0,0.5,0,0.3,2.26,13.56,1,
2016,7,10,1.23,1,226,7,6.5,0,0.5,0,0.3,2.19,9.49,1,
2016,7,10,2.3,1,238,41,10,0,0.5,0,0.3,0,10.8,2,
2016,7,10,1.6,1,236,140,8.5,0,0.5,0,0.3,0,9.3,2,
2016,7,10,1.8,1,113,231,8.5,0,0.5,0,0.3,1.85,11.15,1,
2016,7,10,11.13,1,138,142,33,0,0.5,5.54,0.3,0,39.34,1,
2016,7,10,7.67,1,224,41,23,0,0.5,0,0.3,3,26.8,1,
2016,7,10,0.62,1,263,236,4,0,0.5,0,0.3,0.96,5.76,1,
2016,7,10,1.84,1,144,234,7.5,0,0.5,0,0.3,1.66,9.96,1,
2016,7,10,1.65,1,234,162,8,0,0.5,0,0.3,1.76,10.56,1,
2016,7,10,2.6,1,261,79,12,0,0.5,0,0.3,0,12.8,2,
2016,7,10,21.3,2,132,231,52,0,0.5,0,0.3,0,52.8,2,
2016,7,10,0.8,1,143,142,6,0,0.5,0,0.3,0,6.8,2,
2016,7,10,18.2,2,132,230,52,0,0.5,5.54,0.3,11.65,69.99,1,
2016,7,10,2.5,1,164,45,11.5,0,0.5,0,0.3,0,12.3,2,
2016,7,10,1.56,1,230,246,10.5,0,0.5,0,0.3,2.82,14.12,1,
2016,7,10,0.99,1,141,236,6.5,0,0.5,0,0.3,0,7.3,2,
2016,7,10,1.79,1,142,237,9,0,0.5,0,0.3,1.96,11.76,1,
2016,7,10,1.65,1,137,249,8.5,0,0.5,0,0.3,1.86,11.16,1,
2016,7,10,4.03,1,143,116,14,0,0.5,0,0.3,0,14.8,2,
2016,7,10,0.9,1,114,249,6,0,0.5,0,0.3,0,6.8,2,
2016,7,10,0.72,1,151,151,5,0,0.5,0,0.3,1.16,6.96,1,
2016,7,10,0.39,1,90,90,3.5,0,0.5,0,0.3,0,4.3,2,
2016,7,10,1.2,1,48,68,6,0,0.5,0,0.3,1.35,8.15,1,
2016,7,10,2.3,1,163,90,9,0,0.5,0,0.3,1.5,11.3,1,
2016,7,17,3.3,1,43,41,11,0.5,0.5,0,0.3,2.46,14.76,1,
2016,7,17,3.04,1,74,42,11,0.5,0.5,0,0.3,0,12.3,2,
2016,7,17,2.86,1,231,256,11,0.5,0.5,0,0.3,0,12.3,2,
2016,7,17,2.3,1,170,158,11,0.5,0.5,0,0.3,0,12.3,2,
2016,7,17,2.4,1,186,237,10,0.5,0.5,0,0.3,0,11.3,2,
2016,7,17,1,1,148,224,5,0.5,0.5,0,0.3,1.55,7.85,1,
2016,7,17,0.2,1,50,50,3,0.5,0.5,0,0.3,0.85,5.15,1,
2016,7,17,15.2,1,48,248,41.5,0.5,0.5,0,0.3,2.85,45.65,1,
2016,7,17,1.51,1,239,151,6,0.5,0.5,0,0.3,1.82,9.12,1,
2016,7,17,2.4,1,79,65,10.5,0.5,0.5,0,0.3,2.36,14.16,1,
2016,7,17,2.69,1,158,87,11.5,0.5,0.5,0,0.3,1,13.8,1,
2016,7,17,1.5,1,50,186,7.5,0.5,0.5,0,0.3,0,8.8,2,
2016,7,17,1.3,1,114,79,7,0.5,0.5,0,0.3,1.65,9.95,1,
2016,7,17,1.2,1,238,41,6.5,0.5,0.5,0,0.3,0,7.8,1,
2016,7,17,1.97,1,68,170,9,0.5,0.5,0,0.3,1.5,11.8,1,
2016,7,17,1.2,1,164,249,6,0.5,0.5,0,0.3,1.82,9.12,1,
2016,7,17,6.29,1,68,226,22,0.5,0.5,0,0.3,4.66,27.96,1,
2016,7,17,0.74,1,68,246,4.5,0.5,0.5,0,0.3,1,6.8,1,
2016,7,17,10.7,1,79,67,34,0.5,0.5,0,0.3,0,35.3,2,
2016,7,17,8.2,1,68,36,26.5,0.5,0.5,0,0.3,0,27.8,2,
2016,7,17,4.9,1,246,151,17,0.5,0.5,0,0.3,2,20.3,1,
2016,7,17,3.4,1,49,148,13,0.5,0.5,0,0.3,2,16.3,1,
2016,7,17,0.5,1,114,249,4,0.5,0.5,0,0.3,0,5.3,2,
2016,7,17,0.7,1,234,68,5,0.5,0.5,0,0.3,2,8.3,1,
2016,7,17,1.5,1,90,164,8,0.5,0.5,0,0.3,0.14,9.44,1,
2016,7,17,10,1,181,56,29.5,0.5,0.5,0,0.3,0,30.8,2,
2016,7,17,1.8,1,231,232,9.5,0.5,0.5,0,0.3,0,10.8,2,
2016,7,17,2.1,1,246,230,8.5,0.5,0.5,0,0.3,1.95,11.75,1,
2016,7,17,3.4,1,234,142,13.5,0.5,0.5,0,0.3,1.5,16.3,1,
2016,7,17,2.4,1,68,148,12,0.5,0.5,0,0.3,1,14.3,1,
2016,7,17,3.12,1,68,142,12.5,0.5,0.5,0,0.3,3.45,17.25,1,
2016,7,17,0.3,1,162,161,4,0.5,0.5,0,0.3,1.05,6.35,1,
2016,7,17,1.1,1,141,170,5,0.5,0.5,0,0.3,1.25,7.55,1,
2016,7,17,0.8,1,234,79,6,0.5,0.5,0,0.3,2,9.3,1,
2016,7,17,3.8,1,90,65,13.5,0.5,0.5,0,0.3,3.7,18.5,1,
2016,7,17,4.94,1,170,255,27.5,0.5,0.5,0,0.3,4.75,33.55,1,
2016,7,17,2.7,1,141,79,10.5,0.5,0.5,0,0.3,0,11.8,2,
2016,7,17,4.22,1,114,141,15,0.5,0.5,0,0.3,2,18.3,1,
2016,7,17,4.1,1,237,260,13.5,0.5,0.5,0,0.3,3,17.8,1,
2016,7,17,0.4,1,249,246,4,0.5,0.5,0,0.3,1.05,6.35,1,
2016,7,17,0.8,1,82,56,5,0.5,0.5,0,0.3,0,6.3,2,
2016,7,17,1.1,1,158,249,7,0.5,0.5,0,0.3,1.66,9.96,1,
2016,7,17,1.13,1,114,107,6,0.5,0.5,0,0.3,0.73,8.03,1,
2016,7,17,2.1,1,144,137,10.5,0.5,0.5,0,0.3,2.35,14.15,1,
2016,7,17,2.85,1,231,100,9.5,0.5,0.5,0,0.3,2,12.8,1,
2016,7,17,1.57,1,163,141,6.5,0.5,0.5,0,0.3,1.95,9.75,1,
2016,7,17,1.35,1,234,170,6.5,0.5,0.5,0,0.3,0,7.8,2,
2016,7,17,3.25,1,249,48,11.5,0.5,0.5,0,0.3,2.56,15.36,1,
2016,7,17,1.9,1,148,234,9,0.5,0.5,0,0.3,0,10.3,2,
2016,7,17,1.2,1,50,142,6.5,0.5,0.5,0,0.3,1.2,9,1,
2016,7,17,2.74,1,162,145,11.5,0.5,0.5,0,0.3,8.5,21.3,1,
2016,7,17,2.3,1,68,230,9.5,0.5,0.5,0,0.3,0,10.8,2,
2016,7,17,2.2,1,170,140,8.5,0.5,0.5,0,0.3,1.95,11.75,1,
2016,7,17,1.8,1,229,170,9.5,0.5,0.5,0,0.3,2.7,13.5,1,
2016,7,17,8.26,1,158,61,27.5,0.5,0.5,0,0.3,4,32.8,1,
2016,7,17,1.74,1,158,211,8,0.5,0.5,0,0.3,1.86,11.16,1,
2016,7,17,1.5,1,144,107,7.5,0.5,0.5,0,0.3,1.76,10.56,1,
2016,7,17,4.5,1,88,137,16,0.5,0.5,0,0.3,3.45,20.75,1,
2016,7,17,4.7,1,68,263,16,0.5,0.5,0,0.3,3.45,20.75,1,
2016,7,17,3,1,148,49,11,0.5,0.5,0,0.3,2.45,14.75,1,
2016,7,17,2.5,1,48,249,10.5,0.5,0.5,0,0.3,2.36,14.16,1,
2016,7,17,5.83,1,232,181,19.5,0.5,0.5,0,0.3,5.2,26,1,
2016,7,17,8.51,1,229,56,24,0.5,0.5,5.54,0.3,0,30.84,2,
2016,7,17,5.9,1,79,41,18,0.5,0.5,0,0.3,3.85,23.15,1,
2016,9,4,4.9,1,230,145,15.5,0.5,0.5,0,0.3,3.35,20.15,1,
2016,9,4,4.79,1,79,238,17,0.5,0.5,0,0.3,0,18.3,2,
2016,9,4,11.74,1,4,149,35.5,0.5,0.5,0,0.3,7.36,44.16,1,
2016,9,4,0.85,1,211,114,5,0.5,0.5,0,0.3,0,6.3,2,
2016,9,4,12,1,234,85,36,0.5,0.5,0,0.3,0,37.3,2,
2016,9,4,3.7,1,246,166,12,0.5,0.5,0,0.3,1.5,14.8,1,
2016,9,4,0.7,1,97,97,5,0.5,0.5,0,0.3,1.25,7.55,1,
2016,9,4,6.9,1,48,87,23,0.5,0.5,0,0.3,4.86,29.16,1,
2016,9,4,7.2,1,230,244,23.5,0.5,0.5,0,0.3,0,24.8,2,
2016,9,4,1.7,1,237,164,8,0.5,0.5,0,0.3,0,9.3,2,
2016,9,4,0.5,1,263,236,4,0.5,0.5,0,0.3,1.32,6.62,1,
2016,9,4,1.48,1,170,230,7,0.5,0.5,0,0.3,1.66,9.96,1,
2016,9,4,1.4,1,107,79,8,0.5,0.5,0,0.3,1.85,11.15,1,
2016,9,4,10.3,1,45,41,30,0.5,0.5,0,0.3,6.25,37.55,1,
2016,9,4,1.64,1,100,162,8.5,0.5,0.5,0,0.3,0,9.8,2,
2016,9,4,2.64,1,158,148,10,0.5,0.5,0,0.3,0,11.3,1,
2016,9,4,1.63,1,137,229,7,0.5,0.5,0,0.3,1,9.3,1,
2016,9,4,3.2,1,238,42,13,0.5,0.5,0,0.3,0,14.3,1,
2016,9,4,1.9,1,264,264,8.5,0.5,0.5,0,0.3,1.95,11.75,1,
2016,9,4,0.7,1,230,48,6,0.5,0.5,0,0.3,0,7.3,2,
2016,9,4,0.9,1,189,49,5,0.5,0.5,0,0.3,0,6.3,2,
2016,9,4,5.7,1,88,229,17,0.5,0.5,0,0.3,2.75,21.05,1,
2016,9,4,1.8,1,162,224,8,0.5,0.5,0,0.3,0,9.3,2,
2016,9,4,3.92,1,234,163,24,0.5,0.5,0,0.3,5.06,30.36,1,
2016,9,4,1.52,1,234,161,6.5,0.5,0.5,0,0.3,1.95,9.75,1,
2016,9,4,7.2,1,148,7,25,0.5,0.5,0,0.3,5.25,31.55,1,
2016,9,4,4,1,48,166,13,0.5,0.5,0,0.3,2.85,17.15,1,
2016,9,4,1.9,1,255,37,9.5,0.5,0.5,0,0.3,2.16,12.96,1,
2016,9,4,0.92,1,164,107,5.5,0.5,0.5,0,0.3,1.2,8,1,
2016,9,4,0,1,170,170,2.5,0.5,0.5,0,0.3,7,10.8,1,
2016,9,4,1.5,1,48,239,7.5,0.5,0.5,0,0.3,1.75,10.55,1,
2016,9,4,2.6,1,107,230,10,0.5,0.5,0,0.3,4,15.3,1,
2016,9,4,3.5,1,249,43,15.5,0.5,0.5,0,0.3,3.35,20.15,1,
2016,9,4,1.8,1,249,170,9.5,0.5,0.5,0,0.3,2.15,12.95,1,
2016,9,4,0.53,1,50,50,4,0.5,0.5,0,0.3,1.59,6.89,1,
2016,9,4,5,1,148,145,16,0.5,0.5,0,0.3,3.46,20.76,1,
2016,9,4,1.9,1,246,230,8.5,0.5,0.5,0,0.3,0,9.8,2,
2016,9,4,2,1,230,239,9,0.5,0.5,0,0.3,1.5,11.8,1,
2016,9,4,1.2,1,148,209,7,0.5,0.5,0,0.3,1,9.3,1,
2016,9,4,5.02,1,79,143,17,0.5,0.5,0,0.3,3.66,21.96,1,
2016,9,4,5.29,1,148,50,21,0.5,0.5,0,0.3,5.58,27.88,1,
2016,9,4,10.55,1,48,220,33,0.5,0.5,0,0.3,0,34.3,2,
2016,9,4,7,1,79,52,23,0.5,0.5,5.54,0.3,3,32.84,1,
2016,9,4,0.02,1,114,114,2.5,0.5,0.5,0,0.3,0,3.8,2,
2016,9,4,0.82,1,80,37,5,0.5,0.5,0,0.3,1.26,7.56,1,
2016,9,4,0.6,1,186,68,5,0.5,0.5,0,0.3,0,6.3,2,
2016,9,4,2.4,1,79,246,11.5,0.5,0.5,0,0.3,2.55,15.35,1,
2016,9,4,1.56,1,80,36,8,0.5,0.5,0,0.3,0,9.3,2,
2016,9,4,2.7,1,230,125,13.5,0.5,0.5,0,0.3,0,14.8,2,
2016,9,4,2.2,1,168,147,11,0.5,0.5,0,0.3,0,12.3,2,
2016,9,4,1.2,1,114,79,8,0.5,0.5,0,0.3,0,9.3,1,
2016,9,4,1.01,1,79,79,6,0.5,0.5,0,0.3,1.46,8.76,1,
2016,9,4,4.2,1,48,146,15,0.5,0.5,0,0.3,0,16.3,2,
2016,9,4,0.9,1,148,144,6.5,0.5,0.5,0,0.3,1.55,9.35,1,
2016,9,4,0.76,1,246,48,4.5,0.5,0.5,0,0.3,1,6.8,1,
2016,9,4,2.9,1,158,162,12,0.5,0.5,0,0.3,0,13.3,2,
2016,9,4,2.9,1,144,48,11.5,0.5,0.5,0,0.3,0,12.8,2,
2016,9,4,1.89,1,125,107,8.5,0.5,0.5,0,0.3,1.96,11.76,1,
2016,9,4,8.33,1,114,133,24.5,0.5,0.5,0,0.3,0,25.8,2,
2016,9,4,2.22,1,163,75,8,0.5,0.5,0,0.3,1.86,11.16,1,
2016,9,4,13.7,3,158,265,60,0.5,0,10.5,0.3,14.25,85.55,1,
2016,9,4,5.3,1,230,152,19,0.5,0.5,0,0.3,0,20.3,2,
2016,9,4,1,1,48,50,5.5,0.5,0.5,0,0.3,0,6.8,2,
2016,9,4,6.89,1,100,168,22,0.5,0.5,0,0.3,0,23.3,2,
2016,9,4,2.24,1,50,238,9.5,0.5,0.5,0,0.3,1.08,11.88,1,
2016,9,4,0.75,1,79,107,5,0.5,0.5,0,0.3,1,7.3,1,
2016,9,4,2.5,1,230,236,9,0.5,0.5,0,0.3,0,10.3,1,
2016,9,4,2.7,1,163,79,12,0.5,0.5,0,0.3,3,16.3,1,
2016,9,4,0.7,1,79,148,4.5,0.5,0.5,0,0.3,0,5.8,2,
2016,9,4,1.07,1,50,161,7,0.5,0.5,0,0.3,2.08,10.38,1,
2016,9,4,1.76,1,234,230,8,0.5,0.5,0,0.3,0,9.3,2,
2016,9,4,2.58,1,114,230,11,0.5,0.5,0,0.3,3.08,15.38,1,
2016,9,4,1.53,1,79,234,8.5,0.5,0.5,0,0.3,0,9.8,2,
2016,9,4,4.5,1,148,48,17,0.5,0.5,0,0.3,0,18.3,1,
2016,9,4,1.62,1,263,162,7.5,0.5,0.5,0,0.3,1.76,10.56,1,
2016,9,4,5.7,1,249,7,19.5,0.5,0.5,0,0.3,4,24.8,1,
2016,9,4,1.1,1,48,142,6.5,0.5,0.5,0,0.3,0,7.8,2,
2016,9,4,1.63,1,163,236,8,0.5,0.5,0,0.3,0.7,10,1,
2016,9,4,0.9,1,255,112,5,0.5,0.5,0,0.3,0,6.3,2,
2016,9,4,0.51,1,164,100,4,0.5,0.5,0,0.3,1,6.3,1,
2016,9,4,1.68,1,226,83,8,0.5,0.5,0,0.3,0,9.3,2,
2016,9,4,1,1,230,164,6,0.5,0.5,0,0.3,0,7.3,2,
2016,9,4,6.2,1,48,129,21,0.5,0.5,0,0.3,2.5,24.8,1,
2016,9,4,1.6,1,234,161,7,0.5,0.5,0,0.3,2.45,10.75,1,
2016,9,4,1.03,1,148,144,8,0.5,0.5,0,0.3,1.86,11.16,1,
2016,9,4,16.44,1,114,174,47,0.5,0.5,0,0.3,0,48.3,2,
2016,9,4,1.3,1,163,100,6.5,0.5,0.5,0,0.3,0,7.8,2,
2016,9,4,0.93,1,162,164,5.5,0.5,0.5,0,0.3,0,6.8,2,
2016,9,4,0.5,1,232,148,5,0.5,0.5,0,0.3,1.25,7.55,1,
2016,9,4,2,1,114,234,10.5,0.5,0.5,0,0.3,0,11.8,2,
2016,9,4,0.8,1,230,161,6,0.5,0.5,0,0.3,1.45,8.75,1,
2016,9,4,3.83,1,158,65,15.5,0.5,0.5,0,0.3,0,16.8,1,
2016,9,4,0.92,1,234,249,7,0.5,0.5,0,0.3,1.66,9.96,1,
2016,9,4,0.6,1,79,148,7.5,0.5,0.5,0,0.3,1.75,10.55,1,
2016,9,4,1,1,246,48,5.5,0.5,0.5,0,0.3,0,6.8,2,
2016,9,4,1,1,246,186,5.5,0.5,0.5,0,0.3,1,7.8,1,
2016,9,4,1.44,1,230,170,7.5,0.5,0.5,0,0.3,0,8.8,2,
2016,9,4,1.71,1,48,237,9,0.5,0.5,0,0.3,2.06,12.36,1,
2016,9,4,4.38,1,107,239,15,0.5,0.5,0,0.3,0,16.3,2,
2016,9,4,10.3,1,164,235,31.5,0.5,0.5,0,0.3,6.55,39.35,1,
2016,9,4,0.39,1,143,239,3.5,0.5,0.5,0,0.3,0,4.8,1,
2016,9,4,5.38,1,164,52,18,0.5,0.5,0,0.3,3.86,23.16,1,
2016,9,4,0.43,1,151,151,4,0.5,0.5,0,0.3,1,6.3,1,
2016,9,4,4.71,1,112,102,16,0.5,0.5,0,0.3,0,17.3,2,
2016,9,4,2.6,1,79,229,11,0.5,0.5,0,0.3,2.45,14.75,1,
2016,9,4,1.7,1,164,114,8.5,0.5,0.5,0,0.3,0,9.8,2,
2016,9,4,2.49,1,158,230,11.5,0.5,0.5,0,0.3,0,12.8,2,
2016,9,4,0.9,1,144,148,7,0.5,0.5,0,0.3,1.65,9.95,1,
2016,9,4,0.6,1,148,114,5.5,0.5,0.5,0,0.3,2,8.8,1,
2016,9,4,9.19,1,255,89,27,0.5,0.5,0,0.3,5.66,35.91,1,
2016,9,4,2.87,1,107,125,12,0.5,0.5,0,0.3,0,13.3,2,
2016,9,4,3.99,1,262,79,13.5,0.5,0.5,0,0.3,2.96,17.76,1,
2016,9,4,3.68,1,79,236,13,0.5,0.5,0,0.3,2.86,17.16,1,
2016,9,4,1.1,1,234,233,6.5,0.5,0.5,0,0.3,1,8.8,1,
2016,9,4,1.9,1,48,239,7.5,0.5,0.5,0,0.3,3,11.8,1,
2016,9,4,5.58,1,141,256,21,0.5,0.5,0,0.3,0,22.3,1,
2016,9,4,5.91,1,238,79,19.5,0.5,0.5,0,0.3,3,23.8,1,
2016,9,4,1.47,1,144,107,7,0.5,0.5,0,0.3,1.66,9.96,1,
2016,9,4,2.1,1,158,148,12,0.5,0.5,0,0.3,1,14.3,1,
2016,9,4,10,1,186,89,31,0.5,0.5,0,0.3,0,32.3,1,
2016,9,4,5.83,1,79,239,20.5,0.5,0.5,0,0.3,0,21.8,2,
2016,9,4,2.57,1,164,148,11,0.5,0.5,0,0.3,3.69,15.99,1,
2016,9,4,14.05,1,113,14,40,0.5,0.5,0,0.3,2,43.3,1,
2016,9,4,4.3,1,107,145,16,0.5,0.5,0,0.3,1.5,18.8,1,
2016,9,4,2.22,1,143,236,9.5,0.5,0.5,0,0.3,1.2,12,1,
2016,9,4,1.76,1,239,151,7.5,0.5,0.5,0,0.3,0,8.8,2,
2016,9,4,2.14,1,246,162,9.5,0.5,0.5,0,0.3,1.5,12.3,1,
2016,9,4,0.1,3,100,100,20.5,0.5,0,0,0.3,0,21.3,3,
2016,9,4,4.7,1,229,129,20.5,0.5,0.5,0,0.3,0,21.8,2,
2016,9,4,3.3,1,170,239,12,0.5,0.5,0,0.3,0,13.3,2,
2016,9,4,1.9,1,68,162,9.5,0.5,0.5,0,0.3,0,10.8,2,
2016,9,4,2.2,1,142,229,9.5,0.5,0.5,0,0.3,2.15,12.95,1,
2016,9,4,2.71,1,249,163,11,0.5,0.5,0,0.3,0,12.3,2,
2016,9,4,13.77,1,48,26,40.5,0.5,0.5,0,0.3,0,41.8,1,
2016,9,4,0.5,1,68,48,4.5,0.5,0.5,0,0.3,1.15,6.95,1,
2016,9,4,3.6,1,107,255,14.5,0.5,0.5,0,0.3,3.15,18.95,1,
2016,9,4,1.5,1,162,141,6.5,0.5,0.5,0,0.3,0,7.8,2,
2016,9,4,8.19,1,68,195,25,0.5,0.5,0,0.3,0,26.3,1,
2016,9,4,2.72,1,79,48,12.5,0.5,0.5,0,0.3,0,13.8,2,
2016,9,4,1.38,1,230,137,8,0.5,0.5,0,0.3,1.86,11.16,1,
2016,9,4,2.3,1,158,137,11.5,0.5,0.5,0,0.3,0,12.8,2,
2016,9,4,1.1,1,162,237,5.5,0.5,0.5,0,0.3,1.2,8,1,
2016,9,4,2.2,1,90,148,9,0.5,0.5,0,0.3,2.5,12.8,1,
2016,9,4,4.15,1,263,226,13.5,0.5,0.5,0,0.3,0,14.8,1,
2016,9,4,2.4,1,68,144,11.5,0.5,0.5,0,0.3,0,12.8,2,
2016,9,4,0,1,68,68,3,0.5,0.5,0,0.3,0,4.3,2,
2016,9,4,2.51,1,144,256,10.5,0.5,0.5,0,0.3,0,11.8,1,
2016,9,4,2.5,1,163,107,10,0.5,0.5,0,0.3,0,11.3,2,
2016,9,4,4.3,1,48,74,14,0.5,0.5,0,0.3,4.55,19.85,1,
2016,9,4,3.9,1,249,143,14.5,0.5,0.5,0,0.3,3.16,18.96,1,
2016,9,4,5.4,1,48,116,18.5,0.5,0.5,0,0.3,3.96,23.76,1,
2016,9,4,0.81,1,249,234,6,0.5,0.5,0,0.3,0,7.3,2,
2016,9,4,1.1,1,114,148,8.5,0.5,0.5,0,0.3,1.95,11.75,1,
2016,9,4,2.6,1,158,230,11,0.5,0.5,0,0.3,0,12.3,2,
2016,9,4,3.7,1,90,261,13,0.5,0.5,0,0.3,0,14.3,2,
2016,9,4,1.02,1,264,264,7,0.5,0.5,0,0.3,1.66,9.96,1,
2016,9,4,1.1,1,48,163,6.5,0.5,0.5,0,0.3,0,7.8,2,
2016,9,4,3.2,1,42,235,11.5,0.5,0.5,0,0.3,0,12.8,2,
2016,9,4,11.26,1,148,244,32,0.5,0.5,0,0.3,6.66,39.96,1,
2016,9,4,0.5,1,164,170,4.5,0.5,0.5,0,0.3,1.16,6.96,1,
2016,9,4,1,1,158,234,6.5,0.5,0.5,0,0.3,0,7.8,2,
2016,9,4,2.26,1,17,37,10,0.5,0.5,0,0.3,2.26,13.56,1,
2016,9,4,2,1,114,137,9.5,0.5,0.5,0,0.3,2.16,12.96,1,
2016,9,4,1.4,1,68,79,9,0.5,0.5,0,0.3,2.05,12.35,1,
2016,9,4,2.7,1,45,170,12.5,0.5,0.5,0,0.3,2.75,16.55,1,
2016,9,4,0.1,1,48,48,2.5,0.5,0.5,0,0.3,1.1,4.9,1,
2016,9,4,8.6,1,107,244,27.5,0.5,0.5,0,0.3,5.75,34.55,1,
2016,9,4,0.08,1,100,100,2.5,0.5,0.5,0,0.3,0,3.8,2,
2016,9,4,2.77,1,80,17,12,0.5,0.5,0,0.3,1.7,15,1,
2016,9,4,1.19,1,256,17,6.5,0.5,0.5,0,0.3,3,10.8,1,
2016,9,4,14.92,1,179,200,40.5,0.5,0.5,0,0.3,0,41.8,2,
2016,9,4,11.86,1,88,116,34,0.5,0.5,0,0.3,0,35.3,1,
2016,9,4,1.45,1,186,114,7.5,0.5,0.5,0,0.3,1.76,10.56,1,
2016,9,4,0.6,1,100,170,4.5,0.5,0.5,0,0.3,0,5.8,2,
2016,9,4,1.32,1,48,162,7,0.5,0.5,0,0.3,0,8.3,2,
2016,9,4,5.55,1,166,246,18.5,0.5,0.5,0,0.3,2,21.8,1,
2016,9,4,0.97,1,107,162,5,0.5,0.5,0,0.3,1.26,7.56,1,
2016,9,4,7.1,1,256,196,24.5,0.5,0.5,0,0.3,2,27.8,1,
2016,9,4,0.3,1,68,90,3.5,0.5,0.5,0,0.3,0,4.8,2,
2016,9,4,2.7,1,264,264,13,0.5,0.5,0,0.3,0,14.3,2,
2016,9,4,1.17,1,79,137,6,0.5,0.5,0,0.3,1.46,8.76,1,
2016,9,4,0.7,1,107,224,5,0.5,0.5,0,0.3,0,6.3,2,
2016,9,4,0.6,1,79,79,4,0.5,0.5,0,0.3,1.05,6.35,1,
2016,9,4,0.6,1,255,256,4.5,0.5,0.5,0,0.3,1.15,6.95,1,
2016,9,4,5.5,1,90,7,19.5,0.5,0.5,0,0.3,3,23.8,1,
2016,9,4,3.37,1,79,209,13.5,0.5,0.5,0,0.3,0,14.8,1,
2016,9,4,2.39,1,114,233,9.5,0.5,0.5,0,0.3,2.16,12.96,1,
2016,9,4,4,1,97,61,15,0.5,0.5,0,0.3,0,16.3,2,
2016,9,4,1.5,1,186,161,7.5,0.5,0.5,0,0.3,2,10.8,1,
2016,9,4,0.78,1,263,141,4.5,0.5,0.5,0,0.3,1.16,6.96,1,
2016,9,4,1.72,1,246,48,7,0.5,0.5,0,0.3,1.66,9.96,1,
2016,9,4,0.4,1,113,107,4,0.5,0.5,0,0.3,0,5.3,2,
2016,9,4,4.2,1,100,7,17.5,0.5,0.5,0,0.3,0,18.8,2,
2016,9,4,1.91,1,224,186,9.5,0.5,0.5,0,0.3,1,11.8,1,
2016,9,4,0.84,1,141,229,5,0.5,0.5,0,0.3,0,6.3,2,
2016,9,4,4.36,1,162,41,15,0.5,0.5,0,0.3,0,16.3,2,
2016,9,4,1.5,1,231,261,6.5,0.5,0.5,0,0.3,0,7.8,2,
2016,9,4,1.1,1,158,246,6,0.5,0.5,0,0.3,1.45,8.75,1,
2016,9,4,0.9,1,100,233,6.5,0.5,0.5,0,0.3,1,8.8,1,
2016,9,4,2.74,1,230,79,10.5,0.5,0.5,0,0.3,0,11.8,2,
2016,9,4,1.02,1,231,114,5.5,0.5,0.5,0,0.3,0,6.8,2,
2016,9,4,0.7,1,237,141,5,0.5,0.5,0,0.3,1.26,7.56,1,
2016,9,4,9.01,1,140,189,27,0.5,0.5,0,0.3,5.66,33.96,1,
2016,9,4,3.3,1,246,45,14,0.5,0.5,0,0.3,3.05,18.35,1,
2016,9,4,17.5,1,79,124,49,0.5,0.5,0,0.3,0,50.3,2,
2016,9,4,1.5,1,114,231,7,0.5,0.5,0,0.3,1.49,9.79,1,
2016,9,4,4.2,1,246,24,13,0.5,0.5,0,0.3,2.57,16.87,1,
2016,9,4,3.02,1,107,50,11.5,0.5,0.5,0,0.3,0,12.8,2,
2016,9,4,1.53,1,82,160,6.5,0.5,0.5,0,0.3,0,7.8,2,
2016,9,4,1.45,1,125,261,6.5,0.5,0.5,0,0.3,0,7.8,2,
2016,9,4,3.04,1,48,114,11,0.5,0.5,0,0.3,2.46,14.76,1,
2016,9,4,6.02,1,162,129,19.5,0.5,0.5,0,0.3,0,20.8,2,
2016,9,4,2.4,1,256,4,10.5,0.5,0.5,0,0.3,0,11.8,2,
2016,9,4,0.9,1,144,79,6,0.5,0.5,0,0.3,1.45,8.75,1,
2016,9,4,0.7,1,162,230,5,0.5,0.5,0,0.3,0,6.3,2,
2016,9,4,0.3,1,230,161,4,0.5,0.5,0,0.3,1.3,6.6,1,
2016,9,4,2.38,1,90,48,10.5,0.5,0.5,0,0.3,0,11.8,2,
2016,9,4,2.7,1,164,231,13.5,0.5,0.5,0,0.3,0,14.8,2,
2016,9,4,4.11,1,114,25,15.5,0.5,0.5,0,0.3,3.36,20.16,1,
2016,9,4,0.83,1,79,148,5.5,0.5,0.5,0,0.3,1,7.8,1,
2016,9,4,1.62,1,163,107,7.5,0.5,0.5,0,0.3,0,8.8,2,
2016,9,4,0.73,1,148,45,5.5,0.5,0.5,0,0.3,0,6.8,2,
2016,9,4,9.2,1,230,243,28.5,0.5,0.5,0,0.3,0,29.8,2,
2016,9,4,0.7,1,114,148,5.5,0.5,0.5,0,0.3,1.35,8.15,1,
2016,9,4,2.49,1,140,239,10,0.5,0.5,0,0.3,0,11.3,2,
2016,9,4,0.79,1,114,148,5,0.5,0.5,0,0.3,0,6.3,2,
2016,9,4,1.73,1,158,107,8.5,0.5,0.5,0,0.3,0,9.8,1,
2016,9,4,7.24,1,249,41,25,0.5,0.5,0,0.3,5.26,31.56,1,
2016,9,4,1,1,144,231,6.5,0.5,0.5,0,0.3,1.95,9.75,1,
2016,9,4,1,1,246,50,5.5,0.5,0.5,0,0.3,0,6.8,3,
2016,9,4,2.4,1,233,68,13,0.5,0.5,0,0.3,1.5,15.8,1,
2016,9,4,1.5,1,161,236,6.5,0.5,0.5,0,0.3,1.55,9.35,1,
2016,9,4,1,1,249,211,6,0.5,0.5,0,0.3,0,7.3,2,
2016,9,4,3.6,1,48,79,15,0.5,0.5,0,0.3,4.05,20.35,1,
2016,9,4,1.03,1,148,113,6.5,0.5,0.5,0,0.3,1.56,9.36,1,
2016,9,4,8.3,1,243,50,23.5,0.5,0.5,0,0.3,0,24.8,1,
2016,9,4,1.3,1,249,90,5.5,0.5,0.5,0,0.3,0,6.8,1,
2016,9,4,2.14,1,148,256,8.5,0.5,0.5,0,0.3,0,9.8,2,
2016,9,4,0.56,1,107,224,4,0.5,0.5,0,0.3,0,5.3,2,
2016,9,4,2.63,1,162,262,9,0.5,0.5,0,0.3,2.06,12.36,1,
2016,11,1,4.36,1,90,262,15.5,0.5,0.5,0,0.3,3.36,20.16,1,
2016,11,1,0.68,1,140,237,6.5,1,0.5,0,0.3,1.24,9.54,1,
2016,11,1,16.75,2,132,170,52,4.5,0.5,5.54,0.3,12.57,75.41,1,
2016,11,1,2.55,1,186,231,11.5,1,0.5,0,0.3,0,13.3,1,
2016,11,1,0.4,1,162,164,5.5,1,0.5,0,0.3,0,7.3,1,
2016,11,1,0.7,1,107,164,5,0.5,0.5,0,0.3,1,7.3,1,
2016,11,1,2.3,1,170,45,12.5,0.5,0.5,0,0.3,0,13.8,2,
2016,11,1,1.15,1,163,186,7,0.5,0.5,0,0.3,0,8.3,2,
2016,11,1,2.55,1,249,142,13,0.5,0.5,0,0.3,2.86,17.16,1,
2016,11,1,0.8,1,162,48,5.5,0.5,0.5,0,0.3,0,6.8,2,
2016,11,1,1.27,1,68,68,6,0.5,0.5,0,0.3,1.46,8.76,1,
2016,11,1,0.8,1,170,170,5.5,0.5,0.5,0,0.3,1.35,8.15,1,
2016,11,1,0.97,1,234,90,7,0.5,0.5,0,0.3,0,8.3,2,
2016,11,1,1.97,1,163,43,8.5,0.5,0.5,0,0.3,1.5,11.3,1,
2016,11,1,6.89,1,48,217,24.5,0.5,0.5,0,0.3,0,25.8,2,
2016,11,1,7.95,1,230,129,25,0.5,0.5,0,0.3,7.89,34.19,1,
2016,11,1,0.81,1,100,230,6,0.5,0.5,0,0.3,1.82,9.12,1,
2016,11,1,7.8,1,62,216,24.5,0.5,0.5,0,0.3,0,25.8,2,
2016,11,1,1.7,1,48,238,7.5,0.5,0.5,0,0.3,1.75,10.55,1,
2016,11,1,0,5,264,177,37.8,0,0,0,0.3,0,38.1,2,
2016,11,1,0.8,1,79,234,6.5,0.5,0.5,0,0.3,0,7.8,2,
2016,11,1,4.17,1,79,142,16,0.5,0.5,0,0.3,0,17.3,1,
2016,11,1,6.16,1,234,74,19.5,0.5,0.5,0,0.3,0,20.8,2,
2016,11,1,1.5,1,142,161,9,0.5,0.5,0,0.3,0,10.3,2,
2016,11,1,3.45,1,148,170,17.5,0.5,0.5,0,0.3,3.76,22.56,1,
2016,11,1,3.41,1,114,230,16.5,0.5,0.5,0,0.3,3.56,21.36,1,
2016,11,1,3.99,1,263,48,13.5,0.5,0.5,0,0.3,0,14.8,2,
2016,11,1,4.87,1,186,7,16.5,0.5,0.5,0,0.3,4.45,22.25,1,
2016,11,1,8.35,1,162,95,24.5,0.5,0.5,0,0.3,0,25.8,1,
2016,11,1,15.64,2,132,233,52,0,0.5,5.54,0.3,11.67,70.01,1,
2016,11,1,0.2,1,68,158,3,0.5,0.5,0,0.3,0,4.3,2,
2016,11,1,0.8,1,249,68,8,0.5,0.5,0,0.3,0,9.3,2,
2016,11,1,2.7,1,249,48,12,0.5,0.5,0,0.3,16.7,30,1,
2016,11,1,1.1,1,68,48,8,0.5,0.5,0,0.3,1.85,11.15,1,
2016,11,1,0.8,1,234,90,6,0.5,0.5,0,0.3,0,7.3,2,
2016,11,1,1.9,1,79,144,12.5,0.5,0.5,0,0.3,2.75,16.55,1,
2016,11,1,3.11,1,114,80,13,0.5,0.5,0,0.3,0,14.3,2,
2016,11,1,2.5,1,249,164,12.5,0.5,0.5,0,0.3,2.75,16.55,1,
2016,11,1,1,1,142,163,7.5,0.5,0.5,0,0.3,1.75,10.55,1,
2016,11,1,2.2,1,100,79,10,0.5,0.5,0,0.3,1,12.3,1,
2016,11,1,7.08,1,158,17,23.5,0.5,0.5,0,0.3,0,24.8,2,
2016,11,1,2.12,1,68,231,13.5,0.5,0.5,0,0.3,1,15.8,1,
2016,11,1,2.65,1,263,230,10,0.5,0.5,0,0.3,2.26,13.56,1,
2016,11,1,1.4,1,224,148,9.5,0.5,0.5,0,0.3,1.05,11.85,1,
2016,11,1,1.1,1,75,141,5,0.5,0.5,0,0.3,0,6.3,2,
2016,11,1,1.5,1,162,107,7,0.5,0.5,0,0.3,2.05,10.35,1,
2016,11,1,6.1,1,234,41,24,0.5,0.5,0,0.3,5.06,30.36,1,
2016,11,1,3.93,1,79,141,13,0.5,0.5,0,0.3,0,14.3,2,
2016,11,1,17.74,2,132,48,52,0,0.5,5.54,0.3,11.67,70.01,1,
2016,11,1,2.32,1,45,4,12.5,0.5,0.5,0,0.3,2.76,16.56,1,
2016,11,1,1.66,1,24,42,8,0.5,0.5,0,0.3,1.86,11.16,1,
2016,11,1,1.8,1,68,230,10,0.5,0.5,0,0.3,3.35,14.65,1,
2016,11,1,1.3,1,249,114,14.5,0.5,0.5,0,0.3,0,15.8,2,
2016,11,1,1.82,1,234,148,11,0.5,0.5,0,0.3,0,12.3,2,
2016,11,1,2.6,1,42,168,10.5,0.5,0.5,0,0.3,2.35,14.15,1,
2016,11,1,2.06,1,65,211,7.5,0.5,0.5,0,0.3,0,8.8,1,
2016,11,1,1.6,1,229,263,7.5,0.5,0.5,0,0.3,2.6,11.4,1,
2016,11,1,3,1,230,224,12.5,0.5,0.5,0,0.3,0,13.8,2,
2016,11,1,3.28,1,230,75,11.5,0.5,0.5,0,0.3,0,12.8,1,
2016,11,1,0.55,1,140,140,4,0.5,0.5,0,0.3,1.32,6.62,1,
2016,11,1,1.18,1,112,255,7.5,0.5,0.5,0,0.3,1.76,10.56,1,
2016,11,1,3.8,1,170,7,15,0.5,0.5,0,0.3,3.25,19.55,1,
2016,11,1,0.5,1,114,249,9,0.5,0.5,0,0,0,10,2,
2016,11,1,5.93,1,229,82,20.5,0.5,0.5,0,0.3,0,21.8,2,
2016,11,1,0.24,1,100,100,3.5,0.5,0.5,0,0.3,0,4.8,2,
2016,11,1,20.11,2,132,231,52,0,0.5,0,0.3,10.56,63.36,1,
2016,11,1,1.74,1,141,233,7,0.5,0.5,0,0.3,1,9.3,1,
2016,11,1,11.26,1,261,244,34,0.5,0.5,0,0.3,0,35.3,2,
2016,11,1,0.9,1,163,162,5.5,0.5,0.5,0,0.3,1.36,8.16,1,
2016,11,1,4.91,1,48,179,16.5,0.5,0.5,0,0.3,3.56,21.36,1,
2016,11,1,2.6,1,68,161,11.5,0.5,0.5,0,0.3,0,12.8,2,
2016,11,1,1.02,1,263,75,5.5,0.5,0.5,0,0.3,1.36,8.16,1,
2016,11,1,0.72,1,79,4,6,0.5,0.5,0,0.3,0,7.3,2,
2016,11,1,1.05,1,246,48,5,0.5,0.5,0,0.3,1.89,8.19,1,
2016,11,1,1.1,1,79,137,7,0.5,0.5,0,0.3,1.65,9.95,1,
2016,11,1,2.43,1,249,13,10,0.5,0.5,0,0.3,2,13.3,1,
2016,11,1,2.04,1,79,249,17,0.5,0.5,0,0.3,0,18.3,1,
2016,11,1,4.71,1,87,170,16,0.5,0.5,0,0.3,3.46,20.76,1,
2016,11,1,5.66,1,79,163,31,0.5,0.5,0,0.3,0,32.3,2,
2016,11,1,2.16,1,79,261,9.5,0.5,0.5,0,0.3,1.25,12.05,1,
2016,11,1,3.8,1,13,100,14,0.5,0.5,0,0.3,0,15.3,2,
2016,11,1,2.5,1,236,170,9.5,0.5,0.5,0,0.3,0,10.8,2,
2016,11,1,5.02,1,48,116,17.5,0.5,0.5,0,0.3,0,18.8,2,
2016,11,1,1.65,1,79,45,9.5,0.5,0.5,0,0.3,1,11.8,1,
2016,11,1,2.65,1,79,68,12,0.5,0.5,0,0.3,0,13.3,2,
2016,11,1,2.5,1,164,231,11,0.5,0.5,0,0.3,2.45,14.75,1,
2016,11,1,0.6,1,246,246,4,0.5,0.5,0,0.3,0,5.3,2,
2016,11,1,0.64,1,230,100,4.5,0.5,0.5,0,0.3,5,10.8,1,
2016,11,1,4.55,1,234,25,18.5,0.5,0.5,0,0.3,3.96,23.76,1,
2016,11,1,3.86,1,229,79,15,0.5,0.5,0,0.3,0,16.3,2,
2016,11,1,1.3,1,137,100,7,0.5,0.5,0,0.3,0,8.3,1,
2016,11,1,2,1,79,90,9.5,0.5,0.5,0,0.3,1,11.8,1,
2016,11,1,2.7,1,100,79,11.5,0.5,0.5,0,0.3,2.55,15.35,1,
2016,11,1,1.84,1,170,141,7.5,0.5,0.5,0,0.3,1.76,10.56,1,
2016,11,1,0.67,1,79,148,5,0.5,0.5,0,0.3,1.26,7.56,1,
2016,11,1,2.63,1,186,141,10,0.5,0.5,0,0.3,2.82,14.12,1,
2016,11,1,4.6,1,264,264,16.5,0,0.5,0,0.3,2.2,19.5,1,
2016,11,1,2.2,1,264,236,8,0.5,0.5,0,0.3,1.5,10.8,1,
2016,11,1,1.6,1,217,37,7.5,0.5,0.5,0,0.3,3,11.8,1,
2016,11,1,2.12,1,230,68,10.5,0.5,0.5,0,0.3,0,11.8,2,
2016,11,1,1.71,1,68,107,9,0.5,0.5,0,0.3,0.5,10.8,1,
2016,11,1,1.2,1,164,113,8.5,0.5,0.5,0,0.3,1.96,11.76,1,
2016,11,1,1.81,1,148,158,9,0.5,0.5,0,0.3,2.06,12.36,1,
2016,11,1,6.22,1,79,7,22.5,0.5,0.5,0,0.3,4.76,28.56,1,
2016,11,1,0.84,1,48,163,5,0.5,0.5,0,0.3,0.63,6.93,1,
2016,11,1,1.4,1,249,231,8,0.5,0.5,0,0.3,2.3,11.6,1,
2016,11,1,0.79,1,144,148,7,0.5,0.5,0,0.3,1.66,9.96,1,
2016,11,1,18.31,2,132,68,52,0,0.5,5.54,0.3,11.67,70.01,1,
2016,11,1,0.6,1,249,158,5,0.5,0.5,0,0.3,1,7.3,1,
2016,11,1,5.1,1,249,262,21.5,0.5,0.5,0,0.3,4.56,27.36,1,
2016,11,1,0.99,1,79,249,9,0.5,0.5,0,0.3,2.58,12.88,1,
2016,11,1,3.92,1,186,262,14.5,0.5,0.5,0,0.3,2.2,18,1,
2016,11,1,1.58,1,79,170,7.5,0.5,0.5,0,0.3,0,8.8,2,
2016,11,1,20.3,1,170,206,58,0.5,0.5,11.08,0.3,14.05,84.43,1,
2016,11,1,1.14,1,239,151,5,0.5,0.5,0,0.3,0,6.3,2,
2016,11,1,0.6,1,100,50,5.5,0.5,0.5,0,0.3,1.35,8.15,1,
2016,11,1,0.9,1,113,211,5.5,0.5,0.5,0,0.3,1.35,8.15,1,
2016,11,1,0.89,1,163,229,6,0.5,0.5,0,0.3,1,8.3,1,
2016,11,1,3.75,1,79,261,13,0.5,0.5,0,0.3,0,14.3,2,
2016,11,1,2.34,1,148,164,11,0.5,0.5,0,0.3,0,12.3,2,
2016,11,1,0.46,1,230,48,3.5,0.5,0.5,0,0.3,0.96,5.76,1,
2016,11,1,2.6,1,249,13,11.5,0.5,0.5,0,0.3,2.55,15.35,1,
2016,11,1,5,1,48,7,20,0.5,0.5,0,0.3,3.2,24.5,1,
2016,11,1,2.3,1,226,179,10,0.5,0.5,0,0.3,3.35,14.65,1,
2016,11,1,8.1,1,100,173,30,0.5,0.5,0,0.3,0,31.3,2,
2016,11,1,1.72,1,244,247,7.5,0.5,0.5,0,0.3,0,8.8,2,
2016,11,1,8.25,1,48,243,25,0.5,0.5,0,0.3,5.26,31.56,1,
2016,11,1,0.5,1,158,249,4.5,0.5,0.5,0,0.3,1.7,7.5,1,
2016,11,1,2.64,1,239,48,11,0.5,0.5,0,0.3,2.46,14.76,1,
2016,11,1,4.2,1,163,144,15.5,0.5,0.5,0,0.3,1,17.8,1,
2016,11,1,1.23,1,246,230,6,0.5,0.5,0,0.3,1.82,9.12,1,
2016,11,1,2.72,1,43,238,12.5,0.5,0.5,0,0.3,2.76,16.56,1,
2016,11,1,6.49,1,264,264,20,0.5,0.5,0,0.3,0,21.3,2,
2016,11,1,3.8,1,148,13,13,0.5,0.5,0,0.3,1,15.3,1,
2016,11,1,1.76,1,114,68,13,0.5,0.5,0,0.3,2.86,17.16,1,
2016,11,1,1.8,1,249,170,10,0.5,0.5,0,0.3,2.25,13.55,1,
2016,11,1,1.51,1,114,209,7.5,0.5,0.5,0,0.3,0,8.8,2,
2016,11,1,5.76,1,90,166,21,0.5,0.5,0,0.3,2.8,25.1,1,
2016,11,1,8.1,1,48,196,27,0.5,0.5,0,0.3,0,28.3,2,
2016,11,1,2.73,1,161,79,11,0.5,0.5,0,0.3,2.46,14.76,1,
2016,11,1,1,1,211,148,7,0.5,0.5,0,0.3,0,8.3,1,
2016,11,1,3.8,1,48,114,16,0.5,0.5,0,0.3,3.45,20.75,1,
2016,11,1,0.4,1,249,249,3.5,0.5,0.5,0,0.3,0,4.8,2,
2016,11,1,0.4,1,229,229,3.5,0.5,0.5,0,0.3,0.2,5,1,
2016,11,1,0.92,1,249,68,6,0.5,0.5,0,0.3,1.82,9.12,1,
2016,11,1,1.29,1,164,48,7.5,0.5,0.5,0,0.3,0,8.8,2,
2016,11,1,0.7,1,249,158,6,0.5,0.5,0,0.3,1,8.3,1,
2016,11,1,1.7,1,125,232,8.5,0.5,0.5,0,0.3,0,9.8,1,
2016,11,1,2.96,1,113,229,12.5,0.5,0.5,0,0.3,2.76,16.56,1,
2016,11,1,1,1,141,236,5,0.5,0.5,0,0.3,0,6.3,2,
2016,11,1,1.5,1,113,148,9.5,0.5,0.5,0,0.3,2.15,12.95,1,
2016,11,1,5.4,1,249,112,23.5,0.5,0.5,0,0.3,4.95,29.75,1,
2016,11,1,1.2,1,79,144,9,0.5,0.5,0,0.3,2.05,12.35,1,
2016,11,1,1.7,1,239,230,9,0.5,0.5,0,0.3,2.55,12.85,1,
2016,11,1,8.1,1,244,68,24.5,0.5,0.5,0,0.3,2,27.8,1,
2016,11,1,9,1,114,14,27.5,0.5,0.5,5.54,0.3,3,37.34,1,
2016,11,1,0.54,1,113,79,4.5,0.5,0.5,0,0.3,0,5.8,2,
2016,11,1,3.71,1,107,263,13,0.5,0.5,0,0.3,0,14.3,2,
2016,11,1,0.8,1,90,68,5.5,0.5,0.5,0,0.3,0,6.8,2,
2016,11,1,5.8,1,48,152,19.5,0.5,0.5,0,0.3,0,20.8,2,
2016,11,1,0.72,1,231,231,4.5,0.5,0.5,0,0.3,1.74,7.54,1,
2016,11,1,1.2,1,79,170,6.5,0.5,0.5,0,0.3,1.55,9.35,1,
2016,11,1,2.7,1,230,68,13.5,0.5,0.5,0,0.3,2,16.8,1,
2016,11,1,1.85,1,162,234,11.5,0.5,0.5,0,0.3,0,12.8,2,
2016,11,1,0.7,1,237,141,5.5,0.5,0.5,0,0.3,0,6.8,2,
2016,11,1,9.19,1,230,127,28,0.5,0.5,0,0.3,0,29.3,2,
2016,11,1,2.26,1,230,230,12,0.5,0.5,0,0.3,0,13.3,2,
2016,11,1,11.58,1,100,62,39,0.5,0.5,0,0.3,0,40.3,1,
2016,11,1,2.08,1,166,238,8.5,0.5,0.5,0,0.3,1.96,11.76,1,
2016,11,1,8.92,1,140,225,27.5,0.5,0.5,0,0.3,2.2,31,1,
2016,11,1,11.4,1,79,243,34,0.5,0.5,0,0.3,0,35.3,2,
2016,11,1,4.1,1,68,87,16,0.5,0.5,0,0.3,2.1,19.4,1,
2016,11,1,3.8,1,79,48,15,0.5,0.5,0,0.3,0,16.3,1,
2016,11,1,1.2,1,164,233,6.5,0.5,0.5,0,0.3,0,7.8,2,
2016,11,1,1.29,1,230,229,7.5,0.5,0.5,0,0.3,1.76,10.56,1,
2016,11,1,2.2,1,107,50,10.5,0.5,0.5,0,0.3,2.35,14.15,1,
2016,11,15,1.6,1,249,170,7,0.5,0.5,0,0.3,0,8.3,2,
2016,11,15,1.92,1,162,224,8,0.5,0.5,0,0.3,1,10.3,1,
2016,11,15,9.75,1,24,129,30.5,0.5,0.5,0,0.3,0,31.8,2,
2016,11,15,0.79,1,161,237,6,0.5,0.5,0,0.3,0,7.3,2,
2016,11,15,0.79,1,161,237,-6,-0.5,-0.5,0,-0.3,0,-7.3,4,
2016,11,15,1.17,1,68,246,5.5,0.5,0.5,0,0.3,1.7,8.5,1,
2016,11,15,4.7,1,141,179,16,0.5,0.5,0,0.3,0,17.3,2,
2016,11,15,2.2,1,148,256,8,0.5,0.5,0,0.3,0,9.3,2,
2016,11,15,0.5,1,100,68,3.5,0.5,0.5,0,0.3,1.4,6.2,1,
2016,11,15,0.8,1,137,224,4.5,0.5,0.5,0,0.3,1,6.8,1,
2016,11,15,6.6,1,148,7,21.5,0.5,0.5,0,0.3,0,22.8,3,
2016,11,15,1,1,148,79,6,0.5,0.5,0,0.3,1.45,8.75,1,
2016,11,15,0.8,1,249,107,5,0.5,0.5,0,0.3,0,6.3,2,
2016,11,15,3.96,1,90,66,13.5,0.5,0.5,0,0.3,1.48,16.28,1,
2016,11,15,0.89,1,170,107,5,0.5,0.5,0,0.3,1.26,7.56,1,
2016,11,15,4.4,1,186,33,14.5,0.5,0.5,0,0.3,3.15,18.95,1,
2016,11,15,0.43,1,161,233,4,0.5,0.5,0,0.3,1.59,6.89,1,
2016,11,15,0.85,1,239,238,4.5,0.5,0.5,0,0.3,0.87,6.67,1,
2016,11,15,1.1,1,163,141,6.5,0.5,0.5,0,0.3,1,8.8,1,
2016,11,15,0.8,1,100,230,5,0.5,0.5,0,0.3,1.85,8.15,1,
2016,11,15,4.34,1,13,181,14.5,0.5,0.5,5.54,0.3,4.27,25.61,1,
2016,11,15,2.5,1,100,107,10,0.5,0.5,0,0.3,2.25,13.55,1,
2016,11,15,7.9,1,163,82,26,0.5,0.5,0,0.3,5.45,32.75,1,
2016,11,15,3.04,1,48,141,11.5,0.5,0.5,0,0.3,1,13.8,1,
2016,11,15,3.81,1,161,145,14,0.5,0.5,0,0.3,3.06,18.36,1,
2016,11,15,4.8,1,230,7,18,0.5,0.5,0,0.3,3.85,23.15,1,
2016,11,15,4.3,1,264,264,14.5,0.5,0.5,0,0.3,3.15,18.95,1,
2016,11,15,0.79,1,100,68,5,0.5,0.5,0,0.3,0,6.3,2,
2016,11,15,1.57,1,234,79,7,0.5,0.5,0,0.3,1.5,9.8,1,
2016,11,15,2.9,1,163,145,16.5,0.5,0.5,0,0.3,0,17.8,4,
2016,11,15,4.7,1,261,189,17.5,0.5,0.5,0,0.3,2.2,21,1,
2016,11,15,2.3,1,142,41,8.5,0.5,0.5,0,0.3,1.95,11.75,1,
2016,11,15,1.27,1,233,186,6.5,0.5,0.5,0,0.3,2,9.8,1,
2016,11,15,3.5,1,114,255,14,0.5,0.5,0,0.3,3.05,18.35,1,
2016,11,15,0.63,1,79,4,4,0.5,0.5,0,0.3,0,5.3,1,
2016,11,15,2.6,1,170,263,9,0.5,0.5,0,0.3,3.05,13.35,1,
2016,11,15,2.1,1,158,13,8.5,0.5,0.5,0,0.3,1.96,11.76,1,
2016,11,15,4,1,230,166,12.5,0.5,0.5,0,0.3,1.99,15.79,1,
2016,11,15,1.1,1,79,4,6,0.5,0.5,0,0.3,1.45,8.75,1,
2016,11,15,1.1,1,234,68,6,0.5,0.5,0,0.3,0,7.3,2,
2016,11,15,0.98,1,164,230,4.5,0.5,0.5,0,0.3,1.16,6.96,1,
2016,11,15,0.57,1,161,48,4,0.5,0.5,0,0.3,1.59,6.89,1,
2016,11,15,10.8,1,100,136,31.5,0.5,0.5,0,0.3,0,32.8,2,
2016,11,15,0.69,1,161,48,5,0.5,0.5,0,0.3,1.26,7.56,1,
2016,11,15,1.09,1,48,142,6,0.5,0.5,0,0.3,1.46,8.76,1,
2016,11,15,8.77,1,236,255,27,0.5,0.5,0,0.3,5.66,33.96,1,
2016,11,15,0.3,1,233,233,3,0.5,0.5,0,0.3,0,4.3,2,
2016,11,15,6.15,1,260,37,21,0.5,0.5,0,0.3,15,37.3,1,
2016,11,15,1,1,230,162,6,0.5,0.5,0,0.3,0,7.3,1,
2016,11,15,2.5,1,48,141,12,0.5,0.5,0,0.3,0,13.3,2,
2016,11,15,3.5,1,231,49,13.5,0.5,0.5,0,0.3,2.95,17.75,1,
2016,11,15,5.5,1,137,37,18.5,0.5,0.5,0,0.3,0,19.8,2,
2016,11,15,1.04,1,170,107,5,0.5,0.5,0,0.3,2,8.3,1,
2016,11,15,4.2,1,113,189,15,0.5,0.5,0,0.3,3.25,19.55,1,
2016,11,15,1.9,1,249,48,8.5,0.5,0.5,0,0.3,1.95,11.75,1,
2016,11,15,10.56,1,100,227,32,0.5,0.5,5.54,0.3,0,38.84,2,
2016,11,15,4.6,1,170,256,18,0.5,0.5,0,0.3,5.75,25.05,1,
2016,11,15,2.1,1,148,164,10,0.5,0.5,0,0.3,2.25,13.55,1,
2016,11,15,6.1,1,186,181,21.5,0.5,0.5,0,0.3,4.55,27.35,1,
2016,11,15,1.05,1,129,173,5.5,0.5,0.5,0,0.3,0,6.8,1,
2016,11,15,1.8,1,237,137,7.5,0.5,0.5,0,0.3,1.75,10.55,1,
2016,11,15,1.09,1,229,140,5,0.5,0.5,0,0.3,0,6.3,1,
2016,11,15,2.91,1,163,145,16,0.5,0.5,0,0.3,0,17.3,2,
2016,11,15,5.8,1,163,116,19.5,0.5,0.5,0,0.3,3,23.8,1,
2016,1,1,1.1,-73.9903717,40.73469543,1,40.73240662,2,7.5,0.5,0,0.5,0,-73.98184204,8.8
2016,1,1,4.9,-73.98078156,40.7299118,1,40.71667862,1,18,0.5,0,0.5,0,-73.94447327,19.3
2016,1,1,10.54,-73.98455048,40.67956543,1,40.78892517,1,33,0.5,0,0.5,0,-73.95027161,34.3
2016,1,1,4.75,-73.99346924,40.71899033,1,40.65733337,2,16.5,0.5,0,0,0,-73.96224213,17.3
2016,1,1,1.76,-73.96062469,40.78133011,1,40.7585144,2,8,0.5,0,0,0,-73.9772644,8.8
2016,1,1,5.52,-73.9801178,40.74304962,1,40.76314163,2,19,0.5,0,0.5,0,-73.9134903,20.3
2016,1,1,7.45,-73.9940567,40.71998978,1,40.78987122,2,26,0.5,0,0.5,0,-73.966362,27.3
2016,1,1,1.2,-73.97942352,40.74461365,1,40.7539444,2,9,0.5,0,0.5,0,-73.99203491,10.3
2016,1,1,6,-73.94715118,40.79104614,1,40.8655777,2,18,0.5,0,0.5,0,-73.92076874,19.3
2016,1,1,3.21,-73.99834442,40.72389603,1,40.68840027,2,11.5,0.5,0,0.5,0,-73.99584961,12.8
2016,1,1,0.79,-74.00614929,40.74491882,1,40.74143982,2,6,0.5,0,0.5,0,-73.9937973,7.3
2016,1,1,2.43,-73.96932983,40.76353836,1,40.74425125,1,12,0.5,3.99,0.5,0,-73.99568939,17.29
2016,1,1,0.01,-73.9890213,40.72153854,1,40.72169876,2,2.5,0.5,0,0.5,0,-73.98896027,3.8
2016,1,1,3.7,-74.00430298,40.74224091,1,40.70693588,1,14,0.5,3.05,0.5,0,-74.00736237,18.35
2016,1,1,2.2,-73.99199677,40.71857834,1,40.73994446,1,11,0.5,1.5,0.5,0,-74.00513458,13.8
2016,1,1,0.54,-73.98516083,40.76895142,1,40.76173019,2,6,0.5,0,0.5,0,-73.99022675,7.3
2016,1,1,1.92,-73.97309113,40.79536057,1,40.7731514,2,7.5,0.5,0,0.5,0,-73.97837067,8.8
2016,1,1,1.7,-73.98210144,40.77469635,1,40.79670715,1,7,0.5,1.65,0.5,0,-73.97093964,9.95
2016,1,1,1.38,-73.99484253,40.71849823,1,40.73423004,1,7,0.5,1.66,0.5,0,-73.98980713,9.96
2016,1,1,4.9,-73.95303345,40.67211533,1,40.71059418,1,19,0.5,4.06,0.5,0,-73.98657227,24.36
2016,1,1,1.8,-73.98916626,40.7265892,1,40.71507263,2,9,0.5,0,0.5,0,-74.00948334,10.3
2016,1,1,3.09,-73.99906921,40.72017288,1,40.75656128,2,14.5,0.5,0,0.5,0,-73.97338867,15.8
2016,1,1,0.72,-73.99713898,40.74721909,1,40.75179672,2,5,0.5,0,0.5,0,-74.00448608,6.3
2016,1,1,0.69,-73.99741364,40.73667526,1,40.73268127,2,4.5,0.5,0,0.5,0,-73.98566437,5.8
2016,1,1,5.3,-73.99713135,40.73696136,1,40.7555809,1,18,0.5,3.85,0.5,0,-73.92842102,23.15
2016,1,1,1.2,-73.96391296,40.71217346,1,40.71220016,2,7,0.5,0,0.5,0,-73.95133209,8.3
2016,1,1,0.97,-73.99939728,40.7439003,1,40.74531937,2,6,0.5,0,0.5,0,-73.98887634,7.3
2016,1,1,0.87,-73.95440674,40.77806854,1,40.78858185,2,4.5,0.5,0,0.5,0,-73.94892883,5.8
2016,1,1,0.13,-73.99165344,40.75455856,1,40.75611877,2,3,0.5,0,0.5,0,-73.99060059,4.3
2016,1,1,2.4,-73.99559784,40.74423981,1,40.76871109,1,11,0.5,3.05,0.5,0,-73.98545837,15.35
2016,1,1,0.44,-73.99027252,40.7720108,1,40.76977158,1,4,0.5,1.06,0.5,0,-73.99504089,6.36
2016,1,1,1.56,-73.94010925,40.75115204,1,40.7670517,2,7.5,0.5,0,0.5,0,-73.93002319,8.8
2016,1,1,2.9,-73.98215485,40.77487946,1,40.74411392,2,20.5,0.5,0,0.5,0,-73.98136139,21.8
2016,1,1,1.2,-74.00806427,40.74206924,1,40.74216461,3,12.5,0.5,0,0.5,0,-74.00228882,13.8
2016,1,1,1.5,-74.00267792,40.7306366,1,40.72621155,1,10,0.5,3.35,0.5,0,-73.98042297,14.65
2016,1,1,2.32,-73.98165894,40.77373886,1,40.75383759,2,19,0.5,0,0.5,0,-73.99596405,20.3
2016,1,1,9.63,-73.98174286,40.71915817,1,40.82918167,1,27,0.5,8.49,0.5,0,-73.93882751,36.79
2016,1,1,1.17,-73.96305847,40.77501678,1,40.77880096,2,6,0.5,0,0.5,0,-73.95174408,7.3
2016,1,1,3.4,0,0,1,0,2,14.5,0.5,0,0.5,0,0,15.8
2016,1,1,1.32,-73.96125793,40.7961998,1,40.78731155,2,6.5,0.5,0,0.5,0,-73.95005035,7.8
2016,1,1,13,-73.98223877,40.75770187,1,40.8620491,2,36.5,0.5,0,0.5,0,-73.90930939,37.8
2016,1,1,0.7,-73.89412689,40.63657379,1,40.63483429,2,11,0.5,0,0.5,0,-73.89250183,12.3
2016,1,1,5.4,-73.94641876,40.78913879,1,40.85154724,2,24.5,0.5,0,0.5,0,-73.91590118,25.8
2016,1,1,3.3,-73.97567749,40.74909973,1,40.78369141,1,12,0.5,2.66,0.5,0,-73.97364807,15.96
2016,1,1,2.94,-73.94969177,40.78461838,1,40.75101852,2,12,0.5,0,0.5,0,-73.97103119,13.3
2016,1,1,5.23,-73.98184967,40.7168808,1,40.76937866,2,17.5,0.5,0,0.5,0,-73.96932983,18.8
2016,1,1,1.3,-73.96588135,40.6885643,1,40.67192841,1,7.5,0.5,1.75,0.5,0,-73.96269226,10.55
2016,1,1,4.7,-73.99586487,40.76777267,1,40.70992661,1,17,0.5,2,0.5,0,-74.00960541,20.3
2016,1,1,0.83,-73.9787674,40.74510574,1,40.74930954,2,7,0.5,0,0.5,0,-73.99221039,8.3
2016,1,1,15.4,-73.97650146,40.73356247,1,40.89178848,1,41.5,0.5,8.55,0.5,0,-73.85426331,51.35
2016,1,1,1.64,-73.96937561,40.78523636,1,40.7779808,1,8.5,0.5,0,0.5,0,-73.94556427,9.8
2016,1,1,5.1,-73.99058533,40.74588013,1,40.80126572,1,17.5,0.5,2.82,0.5,0,-73.96988678,21.62
2016,1,1,1.1,-73.97434235,40.75666046,1,40.75371552,2,11.5,0.5,0,0.5,0,-73.98148346,12.8
2016,1,1,0.35,-73.99234772,40.74343872,1,40.74606323,1,4,0.5,1.59,0.5,0,-73.99642181,6.89
2016,1,1,1.3,-73.93352509,40.80292892,1,40.78598404,2,5.5,0.5,0,0.5,0,-73.94567108,6.8
2016,1,1,7.25,-73.9729538,40.75571823,1,40.68455124,2,26,0.5,0,0.5,0,-73.97881317,27.3
2016,1,1,3.6,-73.99694824,40.72050095,1,40.72179031,1,13.5,0.5,2.96,0.5,0,-73.95818329,17.76
2016,1,1,0.32,-73.99375916,40.75162125,1,40.75608826,1,7,0.5,0,0.5,0,-73.99086761,8.3
2016,1,1,3.7,-73.97831726,40.76317978,1,40.74137497,1,13,0.5,5.7,0.5,0,-73.92160797,20
2016,1,1,1.61,-73.96375275,40.77116013,1,40.75273895,2,8.5,0.5,0,0.5,0,-73.9756012,9.8
2016,1,1,1.2,-73.97602081,40.74456024,1,40.75366211,1,6.5,0.5,2.3,0.5,0,-73.9664917,10.1
2016,1,1,8.8,-73.97679138,40.7336998,1,40.75072479,1,26,0.5,5.45,0.5,0,-73.89214325,32.75
2016,1,1,14.04,-73.98428345,40.74805832,1,40.60917664,2,42,0.5,0,0.5,0,-73.99208832,43.3
2016,1,1,2.2,-73.96987152,40.76850891,1,40.7877655,2,9,0.5,0,0.5,0,-73.94934845,10.3
2016,1,1,4.3,-73.96617889,40.76222229,1,40.74314117,2,15.5,0.5,0,0.5,0,-73.89775848,16.8
2016,1,1,1.3,-74.00437927,40.74225235,1,40.73819733,1,8.5,0.5,1,0.5,0,-73.98422241,10.8
2016,1,1,1.03,-73.99133301,40.72389221,1,40.72151566,2,6.5,0.5,0,0.5,0,-73.98368835,7.8
2016,1,1,0,0,0,3,0,2,20,0,0,0.5,0,0,20.8
2016,1,1,1.1,-73.97415924,40.79573059,1,40.80493164,1,6,0.5,1,0.5,0,-73.96251678,8.3
2016,1,1,1.85,-73.99420166,40.72647095,1,40.71620178,2,8.5,0.5,0,0.5,0,-74.01474762,9.8
2016,1,1,1.43,-73.98963928,40.73439789,1,40.72411346,2,7.5,0.5,0,0.5,0,-73.97879028,8.8
2016,1,1,4.93,-74.0014801,40.72743988,1,40.76815033,1,17.5,0.5,3.76,0.5,0,-73.95645142,22.56
2016,1,1,0.8,-73.97915649,40.74050903,1,40.73464584,1,4.5,0.5,1.45,0.5,0,-73.98852539,7.25
2016,1,1,8.7,-73.95392609,40.76694489,1,40.86139297,1,25,0.5,0,0.5,0,-73.92446136,26.3
2016,1,1,1.22,-73.98213959,40.77168655,1,40.7624855,2,7.5,0.5,0,0.5,0,-73.97445679,8.8
2016,1,1,11.87,-73.78082275,40.64518356,1,40.74300766,1,33,0.5,8.58,0.5,0,-73.89084625,42.88
2016,1,1,0.72,-73.99739838,40.7207489,1,40.72790527,1,5.5,0.5,1.36,0.5,0,-73.99918365,8.16
2016,1,1,3.1,-73.98404694,40.75527954,1,40.72063446,1,19.5,0.5,4.15,0.5,0,-73.99514771,24.95
2016,1,1,1.8,-73.98387146,40.74240875,1,40.72634888,2,8,0.5,0,0.5,0,-74.00236511,9.3
2016,1,1,2.5,-73.99575043,40.74409103,1,40.71276093,2,10.5,0.5,0,0.5,0,-74.00975037,11.8
2016,1,1,4.9,-73.98508453,40.74716568,1,40.71749115,1,19,0.5,1.7,0.5,0,-73.95803833,22
2016,1,1,1.53,-73.97100067,40.79764175,1,40.78512955,1,8,0.5,1.86,0.5,0,-73.9536972,11.16
2016,1,1,1.1,-73.98415375,40.76485825,1,40.76293564,2,11,0.5,0,0.5,0,-73.97802734,12.3
2016,1,1,15.64,-73.78713989,40.6440506,1,40.73073578,2,44,0.5,0,0.5,0,-73.94842529,45.3
2016,1,1,5.7,-73.9877243,40.75056839,1,40.71357346,1,18,0.5,8,0.5,10.5,-74.03556824,37.8
2016,1,1,2.56,-73.9796524,40.77611923,1,40.80675507,1,10.5,0.5,2.36,0.5,0,-73.96468353,14.16
2016,1,1,15.25,-73.78180695,40.64486313,1,40.72632599,1,40.5,0.5,0,0.5,0,-73.93797302,41.8
2016,1,1,1.65,-73.96527863,40.80104065,1,40.81517029,2,7.5,0.5,0,0.5,0,-73.94747925,8.8
2016,1,1,7.85,-73.97962952,40.74325562,1,40.76462936,1,22.5,0.5,5.87,0.5,5.54,-73.91187286,35.21
2016,1,1,1.28,-73.98442078,40.76723862,1,40.75426102,2,11.5,0.5,0,0.5,0,-73.97859955,12.8
2016,1,1,3.18,-74.01099396,40.70887375,1,40.74932098,2,17,0.5,0,0.5,0,-73.98805237,18.3
2016,1,1,0.56,-73.98074341,40.7469101,1,40.75115967,2,4.5,0.5,0,0.5,0,-73.99086761,5.8
2016,1,1,0.94,-73.99197388,40.72647858,1,40.72204971,2,5,0.5,0,0.5,0,-74.00308228,6.3
2016,1,1,3.2,-74.00213623,40.76063919,1,40.74345016,1,14.5,0.5,3.15,0.5,0,-73.97289276,18.95
2016,1,1,2.7,-73.99497223,40.76023483,1,40.7358551,1,13,0.5,4.25,0.5,0,-74.00152588,18.55
2016,1,1,5,-74.00226593,40.73036957,1,40.77349854,1,19.5,0.5,4.5,0.5,0,-73.95168304,25.3
2016,1,1,1.6,-73.98082733,40.7796402,1,40.7985878,1,6.5,0.5,1.55,0.5,0,-73.97141266,9.35
2016,1,1,0.58,-73.99807739,40.73796844,1,40.74279022,1,5,0.5,1.26,0.5,0,-74.0041275,7.56
2016,1,1,6,-73.99944305,40.72983551,1,40.80315399,1,25.5,0.5,5.36,0.5,0,-73.96417999,32.16
2016,1,1,2.51,-73.93270874,40.75286102,1,40.75764084,2,9.5,0.5,0,0.5,0,-73.96361542,10.8
2016,1,1,1.24,-73.98168945,40.76839066,1,40.75553894,2,14.5,0.5,0,0.5,0,-73.97975159,15.8
2016,1,1,1.5,-74.00348663,40.74156952,1,40.72634125,1,7.5,0.5,2.2,0.5,0,-74.00235748,11
2016,1,1,1.4,-73.97794342,40.78367615,1,40.77344131,1,7,0.5,2.45,0.5,0,-73.95558929,10.75
2016,1,1,1.89,-73.99256897,40.73961639,1,40.72181702,2,9,0.5,0,0.5,0,-73.99531555,10.3
2016,1,1,2.15,-73.97776031,40.75228119,1,40.76807022,1,13,0.5,2.86,0.5,0,-73.95682526,17.16
2016,1,1,2.5,-73.99425507,40.73199463,1,40.75138855,2,14.5,0.5,0,0.5,0,-73.9786377,15.8
2016,1,1,1.89,-73.98516083,40.74452972,1,40.76285172,1,8.5,0.5,1,0.5,0,-73.96546173,10.8
2016,1,1,0.6,-73.98229218,40.75133133,1,40.75033951,1,5,0.5,0,0.5,0,-73.99134064,6.3
2016,1,1,24,-73.99230194,40.74929047,5,40.72052383,1,140,0,30.95,0,14.5,-74.32032776,185.75
2016,1,1,2.34,-73.93431854,40.75148392,1,40.76491547,2,9.5,0.5,0,0.5,0,-73.97251129,10.8
2016,1,1,13.64,-73.78192139,40.64476013,1,40.66186905,2,39,0.5,0,0.5,0,-73.97924805,40.3
2016,1,1,3.44,-73.95953369,40.78274536,1,40.74558258,2,21.5,0.5,0,0.5,0,-73.99375916,22.8
2016,1,1,7.04,-73.95264435,40.77649689,1,40.7091217,1,20.5,0.5,5.45,0.5,0,-74.00563812,27.25
2016,1,1,0.2,-73.9956131,40.76467133,1,40.76414871,2,3.5,0.5,0,0.5,0,-73.99214935,4.8
2016,1,1,0.9,-73.97743225,40.75831604,1,40.76686096,2,8.5,0.5,0,0.5,0,-73.98344421,9.8
2016,1,1,2,-73.927742,40.69787216,1,40.69827652,1,9.5,0.5,2.7,0.5,0,-73.96121216,13.5
2016,1,1,0.3,-73.96659088,40.75758743,1,40.75434875,1,3.5,0.5,1.2,0.5,0,-73.96577454,6
2016,1,1,1.8,-73.95474243,40.76550674,1,40.76623154,1,10.5,0.5,0,0.5,0,-73.98191833,11.8
2016,1,1,0.37,-73.99769592,40.73765945,1,40.73498154,2,3.5,0.5,0,0.5,0,-73.99124146,4.8
2016,1,1,1,-73.96755219,40.75685883,1,40.74861145,1,6,0.5,1.45,0.5,0,-73.97830963,8.75
2016,1,1,5.1,-73.96469879,40.79679871,1,40.74923706,2,17,0.5,0,0.5,0,-74.0022049,18.3
2016,1,1,1.8,-73.97010803,40.75979996,1,40.74298859,1,9.5,0.5,2,0.5,0,-73.98935699,12.8
2016,1,1,2.25,-74.00189972,40.73940659,1,40.74438858,1,10.5,0.5,2.36,0.5,0,-73.97486877,14.16
2016,1,1,0.87,-73.95522308,40.80437851,1,40.79800034,2,5.5,0.5,0,0.5,0,-73.96369934,6.8
2016,1,1,8.78,-73.99662781,40.72460175,1,40.75529099,2,27,0.5,0,0.5,0,-73.86997986,28.3
2016,1,1,1.6,-74.00466919,40.71595764,1,40.73404312,2,8,0.5,0,0.5,0,-73.98986053,9.3
2016,1,1,1.67,-73.94828033,40.78263092,1,40.79228973,1,8,0.5,1.86,0.5,0,-73.9384613,11.16
2016,1,1,1.11,-73.99861145,40.73817062,1,40.75054932,1,7,0.5,1.66,0.5,0,-73.99459076,9.96
2016,1,1,6.5,-73.97226715,40.75986481,1,40.74866486,2,22.5,0.5,0,0.5,0,-73.87660217,23.8
2016,1,1,1.9,-73.95974731,40.80129242,1,40.8229332,2,9,0.5,0,0.5,0,-73.95064545,10.3
2016,1,1,2.94,-73.97940063,40.73976898,1,40.74251938,1,15,0.5,0,0.5,0,-73.99954987,16.3
2016,1,1,1.89,-73.97293091,40.75260162,1,40.77605057,1,7.5,0.5,1,0.5,0,-73.95585632,9.8
2016,1,1,0.8,-73.97964478,40.76019669,1,40.75374222,2,7,0.5,0,0.5,0,-73.97485352,8.3
2016,1,1,5,-73.99504089,40.76044846,1,40.79938507,2,17.5,0.5,0,0.5,0,-73.93881226,18.8
2016,1,1,3.86,-73.97683716,40.76459122,1,40.80475998,1,13,0.5,2.86,0.5,0,-73.95410156,17.16
2016,1,1,2.7,-74.00095367,40.73083878,1,40.70491791,2,11,0.5,0,0.5,0,-74.0172348,12.3
2016,1,1,3.1,-73.97439575,40.76387787,1,40.72816086,1,21,0.5,4.45,0.5,0,-73.99926758,26.75
2016,1,1,0.1,-73.95517731,40.77317429,1,40.77203751,3,3,0.5,0,0.5,0,-73.95623016,4.3
2016,1,1,1.4,-73.98986816,40.72937012,1,40.74564743,1,9,0.5,3.09,0.5,0,-73.98392487,13.39
2016,1,1,11.2,-73.96961212,40.75771332,1,40.70281219,1,32.5,0.5,0,0.5,0,-73.90223694,33.8
2016,1,1,5.6,-74.00241852,40.73323441,1,40.69191742,1,22.5,0.5,4.75,0.5,0,-73.92458344,28.55
2016,1,1,1.52,-73.97177124,40.7598381,1,40.74872208,1,8,0.5,2.79,0.5,0,-73.98751831,12.09
2016,1,1,0.76,-73.94184875,40.82948303,1,40.83986664,2,4.5,0.5,0,0.5,0,-73.93864441,5.8
2016,1,1,2.68,-74.01052094,40.71841049,1,40.74520874,1,10,0.5,2,0.5,0,-73.99134827,13.3
2016,1,1,2.7,-74.00708771,40.71913147,1,40.74988937,1,16,0.5,1.5,0.5,0,-73.98757935,18.8
2016,1,1,4.3,-73.99446869,40.71897888,1,40.6743927,1,15,0.5,3.25,0.5,0,-73.95662689,19.55
2016,1,1,6.29,-73.98499298,40.77389145,1,40.84777069,2,19.5,0.5,0,0.5,0,-73.93649292,20.8
2016,1,1,1.22,-73.86269379,40.76873016,1,40.77035904,1,6,0.5,0,0.5,0,-73.87529755,7.3
2016,1,1,1.49,-73.99803162,40.71966934,1,40.73180008,1,10,0.5,2.26,0.5,0,-73.98390961,13.56
2016,1,1,11.55,-73.79447937,40.65715027,1,40.65415955,2,36.5,0.5,0,0.5,0,-73.88738251,37.8
2016,1,1,2.9,0,0,1,0,2,12,0.5,0,0.5,0,0,13.3
2016,1,1,2.67,-74.00284576,40.73115158,1,40.74871063,1,12.5,0.5,1.1,0.5,0,-73.973526,14.9
2016,1,1,4.26,-73.97858429,40.76258087,1,40.79871368,1,17,0.5,3.66,0.5,0,-73.96331024,21.96
2016,1,1,1.3,-73.99577332,40.75932312,1,40.75030136,2,7.5,0.5,0,0.5,0,-73.99487305,8.8
2016,1,1,1.3,-74.00505066,40.7399559,1,40.72943497,2,7,0.5,0,0.5,0,-73.98983765,8.3
2016,1,1,1.18,-73.99897003,40.73460007,1,40.72577667,2,6.5,0.5,0,0.5,0,-73.98368073,7.8
2016,1,1,3.55,0,0,1,0,1,15.5,0.5,3.36,0.5,0,0,20.16
2016,1,1,4.59,-73.97367096,40.7845192,1,40.73197174,2,19,0.5,0,0.5,0,-73.9881897,20.3
2016,1,1,1.53,0,0,1,0,2,15,0.5,0,0.5,0,0,16.3
2016,1,1,0.2,-73.97333527,40.76407242,1,40.76173401,2,3.5,0.5,0,0.5,0,-73.97485352,4.8
2016,1,1,10.1,-73.97849274,40.76217651,1,40.66745377,2,33,0.5,0,0.5,0,-73.96108246,34.3
2016,1,1,0.7,-73.99783325,40.74491501,1,40.7385025,1,5.5,0.5,1.2,0.5,0,-73.99201202,8
2016,1,1,0.9,-73.95558929,40.76404953,1,40.76241302,2,6.5,0.5,0,0.5,0,-73.96797943,7.8
2016,1,1,7.8,-73.98835754,40.72014236,1,40.79058075,1,32.5,0.5,6.76,0.5,0,-73.96884918,40.56
2016,1,1,1.2,-73.99267578,40.72039032,1,40.70816803,1,6,0.5,1.45,0.5,0,-74.00337219,8.75
2016,1,1,6.2,-74.01483917,40.71460724,1,40.74550247,1,21,0.5,5.55,0.5,0,-73.98752594,27.85
2016,1,1,4,-73.94416809,40.78807449,1,40.74725723,1,14.5,0.5,1,0.5,0,-73.98552704,16.8
2016,1,1,3.3,-73.97856903,40.7295723,1,40.76834869,2,12.5,0.5,0,0.5,0,-73.95544434,13.8
2016,1,1,0.71,-73.99903107,40.7342186,1,40.72902679,2,5,0.5,0,0.5,0,-73.9992218,6.3
2016,1,1,5.7,-73.95992279,40.77350235,1,40.81656265,2,18.5,0.5,0,0.5,0,-73.88846588,19.8
2016,1,1,3.6,-73.99394226,40.75671387,1,40.75147247,2,16,0.5,0,0.5,0,-74.00363159,17.3
2016,1,1,0.9,-74.00257874,40.73963928,1,40.74522018,2,6,0.5,0,0.5,0,-74.00219727,7.3
2016,1,1,9.6,-73.99676514,40.74243927,1,40.85139084,1,32,0.5,5,0.5,0,-73.94156647,38.3
2016,1,1,1.33,-73.97644806,40.75837708,1,40.74510574,2,7,0.5,0,0.5,0,-73.9764328,8.3
2016,1,1,1.18,-74.00428009,40.72182083,1,40.73403168,2,6.5,0.5,0,0.5,0,-73.99907684,7.8
2016,1,1,6.9,-73.97149658,40.75601196,1,40.71789551,1,21.5,0.5,4.56,0.5,0,-74.01550293,27.36
2016,1,29,1.78,-73.94954681,40.77176285,1,40.75725174,1,9,0.5,2.45,0,0,-73.96369934,12.25
2016,1,29,7.5,-73.97399902,40.7429924,1,40.6925621,2,41,0.5,0,0,0,-73.95480347,41.8
2016,1,29,1.4,-73.98726654,40.74432373,1,40.76055527,1,9,0.5,1,0,0,-73.97976685,10.8
2016,1,29,0.5,-73.94271088,40.79436111,1,40.79618835,2,4.5,0.5,0,0,0,-73.93535614,5.3
2016,1,29,1,-74.0087738,40.71389008,1,40.72399521,1,9,0.5,1,0,0,-73.99676514,10.8
2016,1,29,0.6,-73.99771118,40.72400284,1,40.71913147,1,5,0.5,1,0,0,-74.00527191,6.8
2016,1,29,2.7,-73.96520996,40.79120636,1,40.76013565,1,15,0.5,3.15,0,0,-73.97584534,18.95
2016,1,29,2.6,-73.98202515,40.7724762,1,40.78335953,2,12.5,0.5,0,0,0,-73.95494843,13.3
2016,1,29,1.2,-73.99658966,40.7428093,1,40.75741577,2,8,0.5,0,0,0,-73.98961639,8.8
2016,1,29,1.23,-74.01598358,40.71509171,1,40.72101212,1,8,0.5,1.76,0,0,-74.00107574,10.56
2016,1,29,0.69,-73.97512054,40.7522583,1,40.74715042,2,5,0.5,0,0,0,-73.98383331,5.8
2016,1,29,1.61,-73.95571899,40.76820374,1,40.78177261,1,8,0.5,1.76,0,0,-73.97206116,10.56
2016,1,29,0.29,-73.97188568,40.78183365,1,40.78534698,1,3.5,0.5,1.29,0,0,-73.96938324,5.59
2016,1,29,4.89,-74.00592804,40.74522018,1,40.80737686,1,24.5,0.5,1.1,0,0,-73.96426392,26.4
2016,1,29,7.33,-73.99788666,40.68285751,1,40.74979782,1,23.5,0.5,6.08,0,0,-73.97223663,30.38
2016,1,29,0.9,-73.9962616,40.73803711,1,40.73168182,1,6,0.5,1,0,0,-73.99027252,7.8
2016,1,29,0.8,-73.99120331,40.74973679,1,40.73994827,2,7.5,0.5,0,0,0,-73.98949432,8.3
2016,1,29,1.2,-73.95786285,40.7653656,1,40.75789261,2,8,0.5,0,0,0,-73.97076416,8.8
2016,1,29,0.9,0,0,1,0,1,6.5,0.5,1.45,0,0,0,8.75
2016,1,29,2.6,-74.01063538,40.71743774,1,40.75130081,1,10.5,0.5,2,0,0,-74.00794983,13.3
2016,1,29,1.1,-73.96724701,40.76068878,1,40.76766586,2,8,0.5,0,0,0,-73.98075104,8.8
2016,1,29,2.96,-73.97779846,40.73419189,1,40.72420883,1,13,0.5,2,0,0,-74.00101471,15.8
2016,1,29,1.4,-73.97921753,40.78488159,1,40.76570892,1,11.5,0.5,2,0,0,-73.98188782,14.3
2016,1,29,1.5,-73.98064423,40.782444,1,40.76136017,1,10.5,0.5,2.5,0,0,-73.98381042,13.8
2016,1,29,0.6,-73.98426056,40.75483322,1,40.75853348,1,5.5,0.5,1.25,0,0,-73.9769516,7.55
2016,1,29,1.8,-73.99336243,40.74690247,1,40.76579285,1,10.5,0.5,2.8,0,0,-73.98306274,14.1
2016,1,29,2.96,-73.9622345,40.77607727,1,40.74118042,1,17.5,0.5,2,0,0,-73.98980713,20.3
2016,1,29,0.89,-73.93569946,40.76107025,1,40.75367355,1,5.5,0.5,1.26,0,0,-73.93774414,7.56
2016,1,29,0.27,-73.97733307,40.75014114,1,40.74761963,2,3,0.5,0,0,0,-73.98046112,3.8
2016,1,29,2.01,-73.96103668,40.79672623,1,40.77848053,1,10.5,0.5,1.11,0,0,-73.95339966,12.41
2016,1,29,0.69,-73.96102142,40.76947021,1,40.77423096,1,4.5,0.5,0,0,0,-73.96350861,5.3
2016,1,29,0.78,-73.98825836,40.75381088,1,40.7470932,2,4.5,0.5,0,0,0,-73.98554993,5.3
2016,1,29,3.92,-73.99602509,40.68672943,1,40.71446991,2,15.5,0.5,0,0,0,-74.01582336,16.3
2016,1,29,1.61,-73.99082947,40.75052643,1,40.73408127,1,9,0.5,1.96,0,0,-73.98933411,11.76
2016,1,29,4.7,-73.98930359,40.74047852,1,40.71102905,1,19,0.5,3.95,0,0,-74.00837708,23.75
2016,1,29,2.5,-73.96990967,40.78459167,1,40.80160522,2,10.5,0.5,0,0,0,-73.94350433,11.3
2016,1,29,1.07,-73.96685028,40.76163864,1,40.76723862,2,6.5,0.5,0,0,0,-73.95349121,7.3
2016,1,29,5.41,-73.98110962,40.77938843,1,40.8412323,1,18,0.5,4.7,0,0,-73.9400177,23.5
2016,1,29,1.48,-73.98545074,40.74451065,1,40.75926971,1,8.5,0.5,1,0,0,-73.97112274,10.3
2016,1,29,2.06,-73.96494293,40.79513168,1,40.80463028,2,9.5,0.5,0,0,0,-73.93946075,10.3
2016,1,29,0.9,-73.96777344,40.75600815,1,40.75299072,1,8,0.5,1.75,0,0,-73.97921753,10.55
2016,1,29,1.5,-73.99271393,40.75522232,1,40.73880768,1,10,0.5,1,0,0,-73.99132538,11.8
2016,1,29,1.3,-73.95632935,40.77143478,1,40.75920105,2,8.5,0.5,0,0,0,-73.97023773,9.3
2016,1,29,0.52,-73.96843719,40.79944611,1,40.79439545,1,6,0.5,1,0,0,-73.96643829,7.8
2016,1,29,2.36,-73.96105194,40.76081085,1,40.74802017,1,13.5,0.5,2.86,0,0,-73.98296356,17.16
2016,1,29,4.48,-73.97190094,40.79478073,1,40.84856033,1,13.5,0.5,2,0,0,-73.9387207,16.3
2016,1,29,0.32,-73.95822906,40.77873993,1,40.77465057,1,4,0.5,0.96,0,0,-73.96115875,5.76
2016,1,29,8.6,-73.94605255,40.79247284,1,40.71976471,1,28,0.5,5.75,0,0,-73.99317169,34.55
2016,1,29,1.9,-73.9560318,40.78109741,1,40.80495834,1,9,0.5,1.96,0,0,-73.93888855,11.76
2016,1,29,1.1,-73.98194122,40.75214386,1,40.75810623,1,9.5,0.5,2.05,0,0,-73.9728241,12.35
2016,1,29,3.32,-73.9536438,40.76662064,1,40.74729156,1,19,0.5,1,0,0,-73.99324036,20.8
2016,1,29,0.6,-73.99176025,40.7492485,1,40.74381256,1,7,0.5,1.56,0,0,-73.98931122,9.36
2016,1,29,0.81,-73.97254944,40.746521,1,40.75553131,1,5.5,0.5,1.58,0,0,-73.96790314,7.88
2016,1,29,0.79,-73.98988342,40.73525238,1,40.73636627,2,7.5,0.5,0,0,0,-73.98124695,8.3
2016,1,29,0.51,-73.97547913,40.74981308,1,40.7560997,1,7.5,0.5,0,0,0,-73.97008514,8.3
2016,1,29,4.6,-73.99557495,40.75481796,1,40.77069855,1,26.5,0.5,5.45,0,0,-73.94874573,32.75
2016,1,29,0,-73.94992828,40.77203751,1,40.77203369,3,2.5,0.5,0,0,0,-73.94992065,3.3
2016,1,29,1.2,-73.98451996,40.74574661,1,40.76155853,1,9.5,0.5,2.05,0,0,-73.97261047,12.35
2016,1,29,0.77,-73.97462463,40.75106049,1,40.75628662,1,7,0.5,1.56,0,0,-73.98721313,9.36
2016,1,29,1.43,-73.98094177,40.74437332,1,40.75947571,1,10.5,0.5,2.26,0,0,-73.98134613,13.56
2016,1,29,0.34,-73.95726013,40.77048874,1,40.76816177,2,3.5,0.5,0,0,0,-73.96286011,4.3
2016,1,29,3.49,-74.01615143,40.70991135,1,40.73992157,1,17,0.5,1,0,0,-73.99156189,18.8
2016,1,29,1.77,-73.99031067,40.75093842,1,40.75608063,1,15,0.5,3.16,0,0,-73.97059631,18.96
2016,1,29,4.65,-74.00508881,40.73099899,1,40.7732811,2,21,0.5,0,0,0,-73.96195984,21.8
2016,2,25,0.7,-73.94725037,40.76377106,1,40.73538971,2,5,0.5,0,0,0,-73.99201202,5.8
2016,2,25,5.52,-73.98301697,40.75099182,1,40.75883865,2,20,0.5,0,0.5,0,-73.98858643,21.3
2016,2,1,1.99,-73.99234009,40.7582016,1,40.75797653,1,9.5,0.5,0.7,0.5,0,-73.96435547,11.5
2016,2,1,1.5,-73.98145294,40.74972153,1,40.76398468,2,6.5,0.5,0,0.5,0,-73.98232269,7.8
2016,2,1,5.6,-74.00060272,40.7297554,1,40.66983414,1,20,0.5,4,0.5,0,-73.95132446,25.3
2016,2,1,4.69,-74.00510406,40.71900558,1,40.68888474,2,16,0.5,0,0.5,0,-73.94709015,17.3
2016,2,1,1.45,-73.98600006,40.762146,1,40.74620819,1,6.5,0.5,1.56,0.5,0,-73.99060822,9.36
2016,2,1,1.1,-73.96633148,40.77342224,1,40.78142166,2,6.5,0.5,0,0.5,0,-73.95610809,7.8
2016,2,1,1.96,-73.97655487,40.76569748,1,40.74438095,1,7.5,0.5,1,0.5,0,-73.97897339,9.8
2016,2,1,4.5,-73.97658539,40.76493073,1,40.76890945,2,16,0.5,0,0.5,0,-73.91111755,17.3
2016,2,1,2.35,-73.98602295,40.76156998,1,40.77524948,1,8.5,0.5,1.96,0.5,0,-73.95968628,11.76
2016,2,1,4.63,-73.998909,40.73231125,1,40.7714119,1,16,0.5,0,0.5,0,-73.95070648,17.3
2016,2,1,1.26,-73.99183655,40.7491951,1,40.76046753,1,6.5,0.5,1.2,0.5,0,-73.99333954,9
2016,2,1,3.84,-73.98460388,40.74024582,1,40.77964401,1,15,0.5,1.7,0.5,0,-73.98061371,18
2016,2,1,2.01,-74.00614929,40.7062912,1,40.73075867,1,9,0.5,2.06,0.5,0,-73.98882294,12.36
2016,2,1,0.81,-73.94880676,40.77764893,1,40.78665924,1,4.5,0.5,1.16,0.5,0,-73.94087219,6.96
2016,2,1,4.33,-73.98244476,40.75675964,1,40.74121857,1,15.5,0.5,3.36,0.5,0,-73.91988373,20.16
2016,2,1,4.56,-73.98390961,40.74312592,1,40.71370316,1,17,0.5,3.66,0.5,0,-73.9516449,21.96
2016,2,1,10.67,-73.87500763,40.77397156,1,40.75875092,2,29.5,0.5,0,0.5,5.54,-73.97511292,36.34
2016,2,1,1.39,-73.97865295,40.77751923,1,40.76351166,1,7,0.5,2.49,0.5,0,-73.97348785,10.79
2016,2,1,0,0,0,5,40.74697876,1,60,0.5,8,0,0,-73.99668121,68.8
2016,2,1,6.85,-74.00416565,40.7312851,5,40.77497864,1,40,0.5,0,0,12.5,-74.02028656,53.3
2016,2,1,1.69,-74.00107574,40.72917175,1,40.72201157,1,8.5,0.5,2.94,0.5,0,-73.98881531,12.74
2016,2,1,1.41,-73.97931671,40.75632477,1,40.77140427,1,6,0.5,1.46,0.5,0,-73.9657135,8.76
2016,2,1,6.53,-73.96108246,40.76470184,1,40.69292831,1,22.5,0.5,4.76,0.5,0,-73.98504639,28.56
2016,2,1,3.42,-74.00827026,40.70769882,1,40.73173904,1,11.5,0.5,2.56,0.5,0,-73.97428131,15.36
2016,2,1,3.43,-74.00318909,40.72053909,1,40.75751114,1,14.5,0.5,3.16,0.5,0,-73.97148132,18.96
2016,2,1,1.58,-73.97331238,40.78274155,1,40.79756927,1,8,0.5,1,0.5,0,-73.97368622,10.3
2016,2,1,4.15,-73.95262909,40.67713547,1,40.71435165,1,15.5,0.5,3.36,0.5,0,-73.99878693,20.16
2016,2,1,2.61,-73.98775482,40.7379837,1,40.70727921,1,10,0.5,1.5,0.5,0,-74.01199341,12.8
2016,2,1,1.8,-74.00662231,40.74407959,1,40.76584244,2,7,0.5,0,0.5,0,-73.99464417,8.3
2016,2,1,3.18,-73.98765564,40.76527023,1,40.726017,1,13,0.5,2.86,0.5,0,-73.99843597,17.16
2016,2,1,1.98,-73.99318695,40.74129868,1,40.7219696,2,8.5,0.5,0,0.5,0,-73.99640656,9.8
2016,2,1,1.02,-73.97760773,40.75382614,1,40.75009537,2,5.5,0.5,0,0.5,0,-73.99121094,6.8
2016,2,1,5.59,-73.9793396,40.75246048,1,40.77384949,1,20,0.5,4.26,0.5,0,-73.91213989,25.56
2016,2,1,1.56,-73.96121216,40.7646904,1,40.76499176,1,6.5,0.5,1.5,0.5,0,-73.98249054,9.3
2016,2,1,0.29,-73.99601746,40.7469101,1,40.74488831,2,3.5,0.5,0,0.5,0,-73.99700928,4.8
2016,2,1,7.21,-74.00450897,40.73043823,1,40.76591873,1,22.5,0.5,5.95,0.5,0,-73.91465759,29.75
2016,2,1,0.79,-73.99707031,40.73253632,1,40.7263031,1,5,0.5,0.94,0.5,0,-73.98604584,7.24
2016,2,1,1.11,-73.96911621,40.76963043,1,40.76731873,2,7.5,0.5,0,0.5,0,-73.96446991,8.8
2016,2,1,10.7,-73.78890228,40.64638901,1,40.72571182,1,30,0.5,9.39,0.5,0,-73.70932007,40.69
2016,2,1,3.05,-73.94130707,40.78783035,1,40.81964874,1,12,0.5,2.66,0.5,0,-73.9467392,15.96
2016,2,1,2.15,-74.00370026,40.73241806,1,40.74486923,1,9.5,0.5,2.16,0.5,0,-73.98078156,12.96
2016,2,1,9.52,-73.99849701,40.72964096,1,40.62136078,2,28.5,0.5,0,0.5,0,-73.98803711,29.8
2016,2,1,8.6,-73.99866486,40.72973633,1,40.82395172,1,27,0.5,5.66,0.5,0,-73.94858551,33.96
2016,2,1,3.23,-74.00589752,40.73159027,1,40.76776123,1,12.5,0.5,2.76,0.5,0,-73.991539,16.56
2016,2,1,2.8,-73.99301147,40.73480988,1,40.76448059,1,10.5,0.5,2.36,0.5,0,-73.99178314,14.16
2016,2,1,2.52,-73.97344208,40.75454712,1,40.74222565,2,10.5,0.5,0,0.5,0,-74.00426483,11.8
2016,2,1,3.56,-73.97303009,40.76112366,1,40.75491333,2,13,0.5,0,0.5,0,-73.91458893,14.3
2016,2,1,12.48,-73.97126007,40.75746918,1,40.63249969,2,35,0.5,0,0.5,0,-74.02433777,36.3
2016,2,1,18.81,-73.77702332,40.64500046,2,40.72578049,1,52,0.5,11.67,0,5.54,-73.9885788,70.01
2016,2,1,0.69,-73.96044922,40.71099854,1,40.71886063,2,4.5,0.5,0,0.5,0,-73.95665741,5.8
2016,2,1,9.64,-73.8638916,40.76988983,1,40.69215012,1,28,0.5,5.86,0.5,0,-73.95111084,35.16
2016,2,1,18.53,-73.78795624,40.64148331,2,40.73815918,2,52,0.5,0,0,5.54,-73.99610901,58.34
2016,2,1,8.83,-73.8634491,40.77017975,1,40.79700851,1,26.5,0.5,6.67,0.5,5.54,-73.96092987,40.01
2016,2,1,2.12,-73.98961639,40.71883774,1,40.71401215,1,8.5,0.5,1.2,0.5,0,-73.9614563,11
2016,2,1,16.4,-73.79152679,40.64533997,2,40.75368881,2,52,0.5,0,0,5.54,-73.96962738,58.34
2016,2,1,0.9,-73.98163605,40.72855377,1,40.73954773,1,6.5,0.5,2.2,0.5,0,-73.98048401,10
2016,2,1,3.42,-73.95346832,40.7673111,1,0,2,12,0.5,0,1.3,0,0,13.8
2016,2,1,0,-73.9497757,40.66244125,1,40.6625824,3,2.5,0.5,0,0.5,0,-73.94824982,3.8
2016,2,1,1,-73.96860504,40.75476456,1,40.76253128,1,6,0.5,1.45,0.5,0,-73.97711182,8.75
2016,2,1,0.8,-73.9769516,40.74738693,1,40.74481201,1,5,0.5,1,0.5,0,-73.98693848,7.3
2016,2,1,3.13,-74.00328827,40.72710037,1,40.75588989,1,12,0.5,2.66,0.5,0,-73.97119141,15.96
2016,2,1,9.4,-73.8744812,40.7740097,1,40.80283356,2,26.5,0.5,0,0.5,5.54,-73.96406555,33.34
2016,2,1,9.8,-73.86316681,40.76997375,1,40.76748276,1,27.5,0.5,6.85,0.5,5.54,-73.95632935,41.19
2016,2,1,0.9,0,0,1,0,1,5.5,0.5,1.7,0.5,0,0,8.5
2016,2,1,12.1,-74.00010681,40.7177887,1,40.84487152,2,34.5,0.5,0,0.5,0,-73.93504333,35.8
2016,2,1,1.19,-73.9626236,40.76123047,1,40.77259064,1,6,0.5,1.82,0.5,0,-73.95545959,9.12
2016,2,1,8.1,-73.99207306,40.75923157,1,40.85145187,1,28.5,0.5,5,0.5,0,-73.94001007,34.8
2016,2,1,8.11,-73.98277283,40.73500061,1,40.81040955,1,25,0.5,5.26,0.5,0,-73.94193268,31.56
2016,2,1,3.6,-73.9990921,40.71747208,1,40.75882721,1,13,0.5,1,0.5,0,-73.98854828,15.3
2016,2,1,10.4,-74.00054932,40.72980881,1,40.82681274,1,33.5,0.5,5,0.5,0,-73.93940735,39.8
2016,2,1,13.51,-73.87325287,40.77420044,1,40.66342926,2,37.5,0.5,0,0.5,0,-73.98451996,38.8
2016,2,1,2.42,-74.00001526,40.73808289,1,40.70926285,2,9.5,0.5,0,0.5,0,-74.00218964,10.8
2016,2,1,2.74,-73.97595978,40.75997925,1,40.73471832,1,10.5,0.5,2.95,0.5,0,-74.00453186,14.75
2016,2,1,2.06,-73.98336029,40.73891449,1,40.75688171,1,9,0.5,0,0.5,0,-73.99017334,10.3
2016,2,1,2.52,-73.99351501,40.72127151,1,40.75105667,1,10,0.5,2.26,0.5,0,-73.98452759,13.56
2016,2,1,2.2,-73.9907608,40.75078201,1,40.72733688,2,9.5,0.5,0,0.5,0,-73.99019623,10.8
2016,2,1,0.4,-74.00162506,40.72743607,1,40.73198318,1,3.5,0.5,1,0.5,0,-74.00086975,5.8
2016,2,1,1.6,-73.93275452,40.75298691,1,40.7425766,2,9.5,0.5,0,0.5,0,-73.91556549,10.8
2016,2,1,3.4,-73.98428345,40.74332809,1,40.77905655,2,12,0.5,0,0.5,0,-73.95020294,13.3
2016,2,1,1.5,-74.00093079,40.73086548,1,40.72032928,4,8.5,0.5,0,0.5,0,-74.01084137,9.8
2016,2,1,1.3,-73.98715973,40.76594162,1,40.75122833,1,6.5,0.5,1.55,0.5,0,-73.9916687,9.35
2016,2,1,1.4,-73.98851776,40.74597168,1,40.73023605,1,6,0.5,0.1,0.5,0,-74.00032806,7.4
2016,2,1,18.66,-73.79049683,40.64659119,2,40.72986984,1,52,0.5,10.56,0,0,-74.00406647,63.36
2016,2,1,1.5,-73.98426819,40.75969315,1,40.76162338,2,7.5,0.5,0,0.5,0,-73.97425079,8.8
2016,2,1,8.72,-73.87086487,40.77379608,1,40.7665596,1,25,0.5,7.96,0.5,5.54,-73.95373535,39.8
2016,2,1,2.4,-73.96284485,40.76280212,1,40.75577164,2,9.5,0.5,0,0.5,0,-73.92826843,10.8
2016,2,1,4.6,-73.95654297,40.74744797,1,40.77015305,1,16.5,0.5,3.55,0.5,0,-73.98684692,21.35
2016,2,1,1.65,-74.00029755,40.73516846,1,40.71683884,1,8,0.5,2.79,0.5,0,-74.00383759,12.09
2016,2,1,3.7,-73.93393707,40.7515564,1,40.75712585,1,13,0.5,2,0.5,0,-73.9890213,16.3
2016,2,1,0.73,-74.0036087,40.7518425,1,40.74637604,1,5,0.5,1.26,0.5,0,-74.00115967,7.56
2016,2,1,4.5,-73.98390198,40.75504303,1,40.76597214,2,15.5,0.5,0,0.5,0,-73.9267807,16.8
2016,2,1,18.69,-73.78132629,40.64671326,2,40.74198151,1,52,0.5,11.67,0,5.54,-74.00201416,70.01
2016,2,1,4.8,-74.00405121,40.72395325,1,40.72403336,1,16.5,0.5,4.45,0.5,0,-73.93946838,22.25
2016,2,1,1.7,-73.97703552,40.74309921,1,40.75852966,1,8.5,0.5,2.45,0.5,0,-73.99268341,12.25
2016,2,1,4.09,-73.98709106,40.72513962,1,40.6995697,1,15,0.5,4.08,0.5,0,-73.94571686,20.38
2016,2,1,2.5,-73.99391937,40.7353096,1,40.75854874,1,11.5,0.5,2.56,0.5,0,-73.97129822,15.36
2016,2,1,1.14,-74.0043335,40.75264359,1,40.7431221,2,6.5,0.5,0,0.5,0,-73.9932785,7.8
2016,2,1,8.4,-74.01330566,40.70205688,1,40.65234375,2,25.5,0.5,0,0.5,0,-73.96052551,26.8
2016,2,1,9.8,-73.99042511,40.74117279,1,40.63807297,1,28.5,0.5,5.95,0.5,0,-74.03016663,35.75
2016,2,1,3.6,-73.9781189,40.72947311,1,40.77330017,1,12.5,0.5,2.75,0.5,0,-73.95207214,16.55
2016,2,1,0.3,-73.99035645,40.75926208,1,40.76029205,1,4.5,0.5,2,0.5,0,-73.98509979,7.8
2016,2,1,3.91,-73.94850922,40.7849617,1,40.75405884,1,13,0.5,2.86,0.5,0,-73.99263763,17.16
2016,2,1,2.7,-73.95443726,40.78974915,1,40.81755829,2,10,0.5,0,0.5,0,-73.95323944,11.3
2016,2,1,0.5,-73.98521423,40.74738312,1,40.74992752,2,4,0.5,0,0.5,0,-73.99137115,5.3
2016,2,1,0.7,-73.99785614,40.75151062,1,40.74331284,1,4.5,0.5,1.15,0.5,0,-74.00495148,6.95
2016,2,1,2,-73.981987,40.77127075,1,40.74992752,2,8.5,0.5,0,0.5,0,-73.98575592,9.8
2016,2,1,18.4,-73.78982544,40.64690781,1,40.68659973,1,49.5,0.5,12.7,0.5,0,-73.94138336,63.5
2016,2,1,0.2,-73.96115875,40.77182007,1,40.77344131,2,3.5,0.5,0,0.5,0,-73.95740509,4.8
2016,2,1,3.9,-73.98400116,40.72543335,1,40.76603699,1,14.5,0.5,3.15,0.5,0,-73.95181274,18.95
2016,2,1,2.18,-73.99169922,40.75267029,1,40.75349426,2,15.5,0.5,0,0.5,0,-73.99421692,16.8
2016,2,1,18.1,-73.78223419,40.64469147,2,40.76693344,1,52,0.5,10.55,0,0,-73.99029541,63.35
2016,2,1,1.1,-73.97826385,40.78819656,1,40.77218628,1,6,0.5,1.5,0.5,0,-73.98213959,8.8
2016,2,1,1.12,-73.9897995,40.76227188,1,40.75022507,1,6.5,0.5,0.5,0.5,0,-73.99111938,8.3
2016,2,1,0.66,-73.99332428,40.73326111,1,40.73119354,2,4.5,0.5,0,0.5,0,-74.00133514,5.8
2016,2,1,1.1,-73.99250031,40.71400833,1,40.70975876,2,6,0.5,0,0.5,0,-74.00614929,7.3
2016,2,1,0.9,-74.00752258,40.72665787,1,40.73950195,1,5,0.5,1.25,0.5,0,-74.00292206,7.55
2016,2,1,2.2,-74.00731659,40.70499039,1,40.72372818,1,8.5,0.5,1.95,0.5,0,-74.01126099,11.75
2016,2,1,3.23,-73.95543671,40.77275085,1,40.74296951,1,12,0.5,2.66,0.5,0,-73.98722839,15.96
2016,2,1,1.7,-73.97867584,40.75719452,1,40.76964951,1,7,0.5,1.7,0.5,0,-73.96034241,10
2016,2,1,0.8,-73.92366028,40.75327682,1,40.74371338,2,5,0.5,0,0.5,0,-73.92423248,6.3
2016,2,1,19,-73.97186279,40.79450989,1,40.88246918,3,52,0.5,0,0.5,0,-73.86697388,53.3
2016,2,1,4.18,-73.99111176,40.71746445,1,40.68853378,1,15.5,0.5,3.36,0.5,0,-73.95697021,20.16
2016,2,1,8.61,-73.87501526,40.77398682,1,40.77669144,2,26.5,0.5,0,0.5,5.54,-73.95557404,33.34
2016,2,1,1,0,0,1,0,1,5.5,0.5,0,0.5,0,0,6.8
2016,2,1,3.21,-73.98686218,40.73931122,1,40.77110672,2,11.5,0.5,0,0.5,0,-73.95668793,12.8
2016,2,1,0.94,-73.99165344,40.76478958,1,40.77584076,1,5,0.5,0.94,0.5,0,-73.98314667,7.24
2016,2,1,1.8,-73.93618774,40.74960327,1,40.76078415,2,7.5,0.5,0,0.5,0,-73.90837097,8.8
2016,2,1,0.78,-73.96300507,40.77514648,1,40.76886368,1,5.5,0.5,1.5,0.5,0,-73.95835114,8.3
2016,2,1,2.76,-73.9907608,40.76110077,1,40.79230118,1,10.5,0.5,2.36,0.5,0,-73.97518921,14.16
2016,2,1,10.9,-73.78904724,40.64710617,1,40.6567955,1,36,0.5,0,0.5,0,-73.95624542,37.3
2016,2,1,0.6,-73.97480011,40.75068283,1,40.7532959,2,4,0.5,0,0.5,0,-73.96799469,5.3
2016,2,1,3.6,-73.78327942,40.64865112,1,40.66646576,2,12,0.5,0,0.5,0,-73.78243256,13.3
2016,2,1,1.3,-73.95231628,40.78154755,1,40.7985611,1,5.5,0.5,2,0.5,0,-73.93952179,8.8
2016,2,1,1.4,-73.98231506,40.76267242,1,40.7507515,1,7.5,0.5,1.76,0.5,0,-73.98595428,10.56
2016,2,1,6.02,-73.99720764,40.7192421,1,40.70793915,2,19.5,0.5,0,0.5,0,-73.9095993,20.8
2016,2,1,3.5,-73.99549103,40.72489929,1,40.7187767,1,13.5,0.5,4,0.5,0,-73.95331573,18.8
2016,2,1,1.9,-73.96567535,40.76039886,1,40.7478714,2,8,0.5,0,0.5,0,-73.94622803,9.3
2016,2,1,3,-74.0015564,40.73098755,1,40.76638794,1,10.5,0.5,2.35,0.5,0,-73.98557281,14.15
2016,2,1,0.8,-73.96174622,40.76427841,1,40.75709152,1,5,0.5,1.25,0.5,0,-73.97174835,7.55
2016,2,1,1.18,-74.00652313,40.7396698,1,40.74087143,2,7.5,0.5,0,0.5,0,-74.00489044,8.8
2016,2,1,2.14,-73.9900589,40.73247147,1,40.75542068,2,9,0.5,0,0.5,0,-73.99166107,10.3
2016,2,1,5.9,-74.01204681,40.70666885,1,40.73218155,1,20.5,0.5,4.35,0.5,0,-73.95653534,26.15
2016,2,1,7.6,-73.98490143,40.7436142,1,40.82279587,2,24.5,0.5,0,0.5,0,-73.94216156,25.8
2016,2,1,2,-74.00762939,40.74079514,1,40.7450676,1,10,0.5,2.25,0.5,0,-73.98087311,13.55
2016,2,1,11.4,-73.86339569,40.77005768,1,40.7340889,1,33.5,0.5,6.95,0.5,0,-74.00439453,41.75
2016,2,1,2.2,-73.96788025,40.75617599,1,40.78193283,1,9,0.5,1.95,0,0,-73.94560242,11.75
2016,2,1,1.72,-74.00749207,40.74082184,1,40.72501373,1,8,0.5,1,0.5,0,-73.99485779,10.3
2016,2,1,5.58,-73.7767868,40.64536667,1,40.68419647,2,17,0.5,0,0.5,0,-73.82113647,18.3
2016,2,1,8.23,-73.87299347,40.7740593,1,40.75175858,2,24,0.5,0,0.5,5.54,-73.97733307,30.84
2016,2,1,1.13,-73.98596954,40.75535965,1,40.76749039,2,6,0.5,0,0.5,0,-73.98458862,7.3
2016,2,1,3.7,-73.98118591,40.77902222,1,40.81230164,1,14.5,0.5,3.15,0.5,0,-73.95207214,18.95
2016,2,1,8.7,-73.78221893,40.64458847,4,40.61621094,2,29.5,0.5,0,0.5,0,-73.72240448,30.8
2016,2,1,6.8,-73.97161865,40.75052643,1,40.68466187,2,21.5,0.5,0,0.5,0,-73.98913574,22.8
2016,2,1,1.3,-73.98777771,40.74373627,1,40.74378204,2,6.5,0.5,0,0.5,0,-74.00640106,7.8
2016,2,1,1.5,-73.97616577,40.74010849,1,40.7595787,1,6,0.5,1,0.5,0,-73.96211243,8.3
2016,2,1,2.52,-73.98555756,40.72322083,1,40.69565201,1,10.5,0.5,2.36,0.5,0,-73.9845047,14.16
2016,2,1,8.2,-73.87448883,40.77402878,1,40.74858093,1,23.5,0.5,5,0.5,5.54,-73.9821701,35.34
2016,2,1,5.38,-73.97550964,40.68151855,1,40.63312912,2,20.5,0.5,0,0.5,0,-74.03476715,21.8
2016,2,1,10.7,-73.87317657,40.77396011,1,40.71646118,1,30.5,0.5,6.36,0.5,0,-74.01435852,38.16
2016,2,1,10.43,-73.86325836,40.77000809,1,40.70248795,1,30,0.5,5,0.5,0,-73.98284149,36.3
2016,2,1,3.73,-73.9782486,40.68432999,1,40.63936996,2,13.5,0.5,0,0.5,0,-73.96859741,14.8
2016,2,1,1.5,-74.00387573,40.74211121,1,40.75839996,2,9,0.5,0,0.5,0,-73.98899078,10.3
2016,2,1,3.01,-73.99225616,40.72493362,1,40.75801086,1,11.5,0.5,2.56,0.5,0,-73.96334076,15.36
2016,2,1,8.2,-73.87303925,40.77425385,1,40.75233459,1,23.5,0.5,7.55,0.5,5.54,-73.98709106,37.89
2016,2,1,0.78,-73.99485779,40.72485352,1,40.73249435,1,5,0.5,0,0.5,0,-73.98773956,6.3
2016,2,1,2.28,-73.9653244,40.76607132,1,40.78832245,2,8.5,0.5,0,0.5,0,-73.94101715,9.8
2016,2,1,2.1,-73.95545959,40.76869202,1,40.7942009,2,8.5,0.5,0,0.5,0,-73.94070435,9.8
2016,2,1,0.33,-73.99951172,40.7312088,1,40.73068237,2,3.5,0.5,0,0.5,0,-73.99562073,4.8
2016,2,1,2.2,-73.97316742,40.67805099,1,40.65243149,1,9.5,0.5,2.15,0.5,0,-73.95429993,12.95
2016,2,1,6.1,-74.00904846,40.71085358,1,40.77156067,1,20,0.5,3,0.5,0,-73.95326996,24.3
2016,2,1,2.36,-73.9593811,40.76305771,1,40.73915482,2,8.5,0.5,0,0.5,0,-73.97999573,9.8
2016,2,1,2.05,-74.00389862,40.72309875,1,40.70732117,1,9.5,0.5,2.16,0.5,0,-74.01397705,12.96
2016,2,19,3.21,-73.9756546,40.74486542,1,40.71875381,1,15,0.5,2,0.5,0,-73.9861908,18.3
2016,2,19,3.5,-73.9896698,40.73001099,1,40.6957016,1,16,0.5,4.3,0.5,0,-73.9681778,21.6
2016,2,19,5.2,-74.00051117,40.72071838,1,40.78392792,1,23,0.5,3.5,0.5,0,-73.95639038,27.8
2016,2,19,4.28,-73.99115753,40.73934174,1,40.70833206,1,19.5,0.5,2,0.5,0,-73.96846008,22.8
2016,2,19,2.15,-73.97528076,40.73299408,1,40.72728348,2,13.5,0.5,0,0.5,0,-73.99964142,14.8
2016,2,19,18.66,-73.78960419,40.64672089,2,40.78675079,1,52,0.5,6,0,5.54,-73.94694519,64.34
2016,2,19,1.67,-74.00292206,40.72801208,1,40.72592926,2,10.5,0.5,0,0.5,0,-73.97740936,11.8
2016,2,19,14.76,-73.77680206,40.64508057,1,40.6039505,1,40.5,0.5,0,0.5,0,-73.91120148,41.8
2016,2,19,0.71,-73.99985504,40.7384758,1,40.73634338,2,5,0.5,0,0.5,0,-74.00827789,6.3
2016,2,19,1.71,-73.98631287,40.76198196,1,40.74601364,1,8.5,0.5,1.5,0.5,0,-74.00047302,11.3
2016,2,19,0.4,-73.98355865,40.75544357,1,40.75953293,2,7,0.5,0,0.5,0,-73.98558807,8.3
2016,2,19,1.1,-73.9765625,40.73948288,1,40.74976349,2,8.5,0.5,0,0.5,0,-73.98776245,9.8
2016,2,19,2.92,-73.96824646,40.75990677,1,40.79528809,2,11,0.5,0,0.5,0,-73.94548798,12.3
2016,2,19,1.04,-73.99133301,40.74502182,1,40.74912643,1,6,0.5,1.82,0.5,0,-73.978302,9.12
2016,2,19,0.52,-73.97225952,40.76337814,1,40.75865173,2,4,0.5,0,0.5,0,-73.96643829,5.3
2016,2,19,1.64,-73.95953369,40.76440048,1,40.77732086,1,8,0.5,1.86,0.5,0,-73.97846222,11.16
2016,2,19,3.92,-73.97108459,40.75538635,1,40.79711151,2,14.5,0.5,0,0.5,0,-73.9699173,15.8
2016,2,19,1.35,-73.9750824,40.76174164,1,40.75852966,1,8.5,0.5,1.96,0.5,0,-73.99240875,11.76
2016,2,19,2.31,-73.98049164,40.74251938,1,40.71754074,2,16,0.5,0,0.5,0,-73.9878006,17.3
2016,2,19,1.1,-73.98741913,40.73588562,1,40.73447418,2,8,0.5,0,0.5,0,-74.00222778,9.3
2016,2,19,1.15,-73.99295044,40.74281311,1,40.74114609,1,6,0.5,1.82,0.5,0,-74.00535583,9.12
2016,2,19,3.65,-73.98117828,40.75320816,1,40.79135895,1,13.5,0.5,1.7,0.5,0,-73.97389984,16.5
2016,2,19,2.17,-73.95697784,40.7750206,1,40.77407455,2,10.5,0.5,0,0.5,0,-73.95698547,11.8
2016,2,19,11.23,-73.87297821,40.77412033,1,40.7726326,1,33.5,0.5,8.07,0.5,5.54,-73.98591614,48.41
2016,2,19,17.5,-73.95736694,40.71299744,1,40.64531708,1,48.5,0.5,12.32,0,0,-73.77643585,61.62
2016,2,19,4.5,-73.9890213,40.6919632,1,40.7271843,1,16.5,0.5,0,0.5,0,-73.95285034,17.8
2016,2,19,1,-73.9736557,40.75737381,1,40.7580719,3,2.5,0.5,0,0.5,0,-73.97323608,3.8
2016,2,19,3.7,-73.98643494,40.72244644,1,40.7640152,1,16,0.5,3.45,0.5,0,-73.97679901,20.75
2016,2,19,1,-73.98757172,40.73350143,1,40.74303818,2,6.5,0.5,0,0.5,0,-73.99276733,7.8
2016,2,19,2.34,-73.9640274,40.75667191,1,40.78483963,1,9.5,0.5,2.16,0.5,0,-73.94837952,12.96
2016,2,19,9.17,-74.0099411,40.72089386,1,40.7791748,1,27,0.5,5.66,0.5,0,-73.95481873,33.96
2016,2,19,3.34,-74.00469208,40.73033905,1,40.76101685,1,13.5,0.5,2,0.5,0,-73.99092865,16.8
2016,2,19,18.86,-73.78398132,40.64863586,2,40.72195816,2,52,0.5,0,0,5.54,-73.98731232,58.34
2016,2,19,1,-73.97757721,40.75417328,1,40.75042343,2,6,0.5,0,0.5,0,-73.99086761,7.3
2016,2,19,2.3,-73.9995575,40.73352051,1,40.76136398,1,11.5,0.5,2.55,0.5,0,-73.99002075,15.35
2016,2,19,1.08,-74.00702667,40.71886063,1,40.70943069,1,5.5,0.5,1.5,0.5,0,-74.01732635,8.3
2016,2,19,1.12,-73.97959137,40.75238037,1,40.75170517,1,7,0.5,1.66,0.5,0,-73.99376678,9.96
2016,2,19,1.98,-73.9724884,40.74047852,1,40.76420975,1,8,0.5,2.32,0.5,0,-73.95917511,11.62
2016,2,19,1.48,-73.98297119,40.7610321,1,40.74758148,1,9.5,0.5,2.16,0.5,0,-73.97458649,12.96
2016,2,19,1.3,-73.96078491,40.76562119,1,40.77920532,1,7,0.5,2.05,0.5,0,-73.95113373,10.35
2016,2,19,4.3,-73.96012115,40.77370071,1,40.72952271,2,19.5,0.5,0,0.5,0,-74.00388336,20.8
2016,2,19,2.4,-73.96810913,40.75545883,1,40.72775269,1,16.5,0.5,3.65,1,0,-73.98355865,21.95
2016,2,19,3.8,-74.00724792,40.72836304,1,40.69197845,1,15,0.5,3.25,0.5,0,-73.97166443,19.55
2016,2,19,2,-73.99749756,40.72153854,1,40.69762802,2,8.5,0.5,0,0.5,0,-73.98711395,9.8
2016,2,19,7.41,-73.98065186,40.75366974,1,40.69007111,1,25,0.5,5.26,0.5,0,-73.99342346,31.56
2016,2,19,2.6,-73.99472046,40.75040054,1,40.72446442,2,15.5,0.5,0,0.5,0,-73.99372101,16.8
2016,2,19,1.6,-74.00495911,40.73539734,1,40.71739197,1,11.5,0.5,2.55,0.5,0,-73.99541473,15.35
2016,2,19,4.63,-73.98695374,40.72108078,1,40.69195938,1,18,0.5,3.86,0.5,0,-73.96566772,23.16
2016,2,19,5.75,-74.00202179,40.71955109,1,40.74557877,1,20.5,0.5,5.45,0.5,0,-73.95308685,27.25
2016,2,19,2.02,-73.99324036,40.747509,1,40.73870087,1,10.5,0.5,3.54,0.5,0,-73.99939728,15.34
2016,2,19,7.19,-73.79006958,40.64673615,1,40.6919136,2,21,0.5,0,0.5,0,-73.85689545,22.3
2016,2,19,12.04,-73.77674103,40.64532089,1,40.75197983,1,35.5,0.5,9.2,0.5,0,-73.88317871,46
2016,2,19,1.83,-73.97881317,40.78752136,1,40.77555084,2,9.5,0.5,0,0.5,0,-73.95046234,10.8
2016,2,19,2.3,-74.00297546,40.76037216,1,40.73820114,2,11,0.5,0,0.5,0,-73.99144745,12.3
2016,2,19,0,-73.86336517,40.7698822,2,40.76987457,4,52,0.5,0,0,0,-73.86342621,52.8
2016,2,19,0.5,-73.95989227,40.76261902,1,40.76929474,1,4,0.5,1.05,0.5,0,-73.95773315,6.35
2016,2,19,2.7,-73.98504639,40.76079941,1,40.74089813,1,12,0.5,2.65,0.5,0,-74.00778961,15.95
2016,2,19,2.2,-74.00416565,40.70691299,1,40.69511414,1,8.5,0.5,1.96,0.5,0,-73.99772644,11.76
2016,2,19,18.3,-73.99707031,40.71439743,2,40.64439392,2,52,0.5,0,0,0,-73.79065704,52.8
2016,2,19,6.16,-73.96772003,40.75563812,1,40.70796967,1,20.5,0.5,0,0.5,0,-74.01667023,21.8
2016,2,19,2.23,-74.00228882,40.72652054,1,40.75009918,1,11,0.5,2,0.5,0,-73.99137878,14.3
2016,2,19,3,-73.9444809,40.79190826,1,40.82262039,2,13.5,0.5,0,0.5,0,-73.915802,14.8
2016,2,19,6.52,-73.94889069,40.7817688,1,40.82411957,2,21,0.5,0,0.5,0,-73.85936737,22.3
2016,2,19,1.59,-73.98906708,40.74803925,1,40.75331879,1,7,0.5,1,0.5,0,-73.96994019,9.3
2016,2,19,1.9,-73.96759033,40.76296616,1,40.75101471,2,11.5,0.5,0,0.5,0,-73.99068451,12.8
2016,2,19,0.6,-73.96950531,40.7631073,1,40.75488281,1,4.5,0.5,1.7,0.5,0,-73.97590637,7.5
